Col0,Col0_HREF,Col1,Col2,Col3,Col4,Col5,Col6,Col7,Col8,Col9_HREF,Col10_SRC
"Germany at NATO on X: """"Vice Admiral Jan C. Kaack, Chief of the ...",https://twitter.com/GermanyNATO/status/1575052276237930498,X (formerly Twitter),› GermanyNATO,› status,28 Sept 2022 ... 1 + 2 eindrucksvoll vor Augen geführt. Die @DeutscheMarine analysiert das Risiko von #SeabedWarfare intensiv. Auch darüber habe ich mit ...,...,Augen,,Germany,https://twitter.com/GermanyNATO/status/1575052276237930498,https://encrypted-tbn0.gstatic.com/images?q=tbn:ANd9GcRQJFr8X3Ljg3EcxvT9aweNnZFQ95ukrKUqeRiVgBDCuIZuDFhNrheRFVA&s
Martin Rolfs (@MartinRolfs) / X,https://twitter.com/martinrolfs,X (formerly Twitter),› martinrolfs,,"@ECN_Berlin. | coffee & contemporary culture addict. Berlin, Germany martinrolfs.de Joined November 2017 ... Wären unsere Augen Kameras, wäre der aufgenommene ...",Germany,Augen,,,https://twitter.com/martinrolfs,https://encrypted-tbn0.gstatic.com/images?q=tbn:ANd9GcSnyzZXxweQRR-pMDsvXlopiYwI761mRlt0_t3QEZJE41gr_FPZziOF3WU&s
"Uniklinik Köln på X: """"Medien-Tipp: Prof. Dr. Claus Cursiefen auf ...",https://twitter.com/ukkoeln/status/1188794763035774977?lang=da,X (formerly Twitter),› ukkoeln,› status,@3sat. - Wissenschaftsdoku „Gesunde Augen – klarer Blick“ ... #Uniklinik #Klln #Augenheilkunde. Oversæt post. Billede. 12.28 PM · 28. okt. 2019 fra Cologne ...,Augen,Augenheilkunde,,,https://twitter.com/ukkoeln/status/1188794763035774977?lang=da,https://encrypted-tbn0.gstatic.com/images?q=tbn:ANd9GcRZxJ-Z_F9J1RJCYQxmhjith3gQ8hSY1GnPuZZ94-qI-lXBCkaCqiT8tW1c&s
ML for Science (@ml4science) / X,https://twitter.com/ml4science,X (formerly Twitter),› ...,,"Tübingen, Germany machinelearningforscience.de Joined June 2020. 989 Following ... Augenheilkunde und seine Zusammenarbeit mit dem panafrikanischen Netzwerk.",Germany,Augenheilkunde,,,https://twitter.com/ml4science,https://encrypted-tbn0.gstatic.com/images?q=tbn:ANd9GcQzUeSQBDoxwJZZml1bg0aqfLe0iUihwRKinwE80QmrWfLbyjT1F2eJx5k&s
FOR2240 - X.com,https://twitter.com/for2240,X (formerly Twitter),› for2240,,PD Dr. Mario Matthaei erhält Helmholtz-Forschungspreis - DOG ehrt Wissenschaftler des Zentrums für #Augenheilkunde der #Uniklinik #Köln ...,Augenheilkunde,,,,https://twitter.com/for2240,https://encrypted-tbn0.gstatic.com/images?q=tbn:ANd9GcQrb92699BsV5K2PxrkiRvAG4IKpzRRdBDv1LCMa4n9C0TbiRSnUS0KWCU&s
Constanze Stelzenmüller @constelz.bsky.social - Twitter,https://twitter.com/constelz,X (formerly Twitter),› constelz,,"Director CUSE Germany explainer etc. @ Brookings; FT contributing columnist ... Der Fall von #Assad in #Syrien hat aller Welt vor Augen geführt, wie ...",Germany,Augen,,,https://twitter.com/constelz,https://encrypted-tbn0.gstatic.com/images?q=tbn:ANd9GcRFDrvBShOiOgoi2SnIxE257TNl87i7-_yYUj-uigbQtPRDg0c7rchE0Xp1&s
Heike Becker (@HeikeBecker14) / X,https://twitter.com/heikebecker14,X (formerly Twitter),› heikebecker14,,"Heike Becker writes about what has been going on in Germany since 7 October last year. ... Augen»,. Provenienzforschung und Restitution. Für ein Denken in ...",Germany,Augen,,,https://twitter.com/heikebecker14,https://encrypted-tbn0.gstatic.com/images?q=tbn:ANd9GcQLzwUxANwYFWvN4fugKIjVoaZ4EjiLtP07hxGtcJjzf0IfdY1ktvZhkCDh&s
"Retinologische Gesellschaft on X: """"Erster Tag der 35. Jahrestagung ...",https://twitter.com/retinologische/status/1674828295035125760,X (formerly Twitter),› retinologische,› status,30 Jun 2023 ... ... augenheilkunde #artmeetsretina # ... Germany. ·. 97. Views.,...,augenheilkunde,Germany,,https://twitter.com/retinologische/status/1674828295035125760,https://encrypted-tbn0.gstatic.com/images?q=tbn:ANd9GcQ4ZpaN_6th9eEZn_gzGJyfhX7cCpM3h2Qh2SHuyutFsbfngWtDD3XX3RM&s
"Eyetronic Therapy on X: """"The Westfalium (https://t.co/0NtFKsNAB1 ...",https://twitter.com/Eyetronic_/status/1065906503570391040,X (formerly Twitter),› Eyetronic_,› status,"23 Nov 2018 ... The Westfalium (https://t.co/0NtFKsNAB1) reports about the Eyetronic Therapy in the Augen-Zentrum-Nordwest in Ahaus, Germany.",...,Augen,Germany,,https://twitter.com/Eyetronic_/status/1065906503570391040,https://encrypted-tbn0.gstatic.com/images?q=tbn:ANd9GcRUIq9AD0ithmQrc2FeVFMHWfcB5KkGlLOnQ-QQhumavBDczmoG-rooZqI&s
"German Embassy Kigali on X: """"Fighting corruption starts with You ...",https://twitter.com/GermanyinRwanda/status/1204015587741110273,X (formerly Twitter),› GermanyinRwanda,› status,9 Dec 2019 ... All financial transactions at the German Embassy e.g. need the authorization of 2 people. (4 Augen Prinzip) We do not accept gifts in exchange for favours.,...,German,Augen,German,https://twitter.com/GermanyinRwanda/status/1204015587741110273,https://encrypted-tbn0.gstatic.com/images?q=tbn:ANd9GcTxp2gp7b0LlszH_4VZGuyurgKPwuWwnB-ARvWGBnwv77UkeHCQ7X_1CYI&s
Jan Fichtner (@fichtner_jan) / X,https://twitter.com/fichtner_jan,X (formerly Twitter),› fichtner_jan,,"Die Augen vor disruptiven Ideen zu verschließen, kann sich unser Land nicht mehr leisten. ... Germany is (slowly but surely) starting to get more serious about ...",Augen,Germany,,,https://twitter.com/fichtner_jan,https://encrypted-tbn0.gstatic.com/images?q=tbn:ANd9GcSMITZXNp6oGZwvs5WQ01d8ik02ZbYNoarvA1o3Je26JztA9l8Vnn2Sd5s&s
"Medizin Jobs Germany on X: """"Gesucht: #Facharzt #Augenheilkunde ...",https://mobile.twitter.com/Medizin_Jobs/status/1570022326535884801,X (formerly Twitter),› Medizin_Jobs,› status,14 Sept 2022 ... Gesucht: #Facharzt #Augenheilkunde (m/w/d) für #Augenklinik (Maximalversorger in Bayern) und #Augenarztpraxis in Niedersachsen.,...,Augenheilkunde,Augenklinik,Germany,,
"Frank Hartmann on X: """"China is an important partner for Germany ...",https://twitter.com/geronasia/status/1334087234539167744,X (formerly Twitter),› geronasia,› status,"2 Dec 2020 ... """"die Welt mit eigenen Augen kennenzulernen"""", prägnante Worte von @Mi_Muentefering, Staatsministerin für internationale Kulturpolitik im ...",...,Augen,,Germany,https://twitter.com/geronasia/status/1334087234539167744,https://encrypted-tbn0.gstatic.com/images?q=tbn:ANd9GcSRcvF0gUTv46hTbdYvZjS8J5ztMZcR6WHf21smSvGCv0Qx3rldzcKcvxo&s
"Matt Stuart on X: """"My book #thinklikeastreetphotographer is now ...",https://twitter.com/mattustu/status/1494782068299075593,X (formerly Twitter),› mattustu,› status,18 Feb 2022 ... ... German language and has sold over 10000 copies in less than a year . The German book has a different title “Augen Auf!” God knows what ...,...,German,German,,https://twitter.com/mattustu/status/1494782068299075593,https://encrypted-tbn0.gstatic.com/images?q=tbn:ANd9GcSJW_mg7L4x710JH9CqDCs7g_CwH0nO6KoZ9m1Q0A7lsSCLxOiP9rSxTQY&s
"KCON GERMANY on X: """"[#KCONGERMANY2024] LINEUP HINT ...",https://twitter.com/kcon_germany/status/1812019484858941671,X (formerly Twitter),› kcon_germany,› status,13 Jul 2024 ... KCONGERMANY2024] LINEUP HINT Check dein Ticket zum 'LINEUP HINT'! Findest du deinen Favoriten? Halte die Augen offen und suche nach den ...,...,Augen,,GERMANY,https://twitter.com/kcon_germany/status/1812019484858941671,https://encrypted-tbn0.gstatic.com/images?q=tbn:ANd9GcQkQZI8ZHg0YYTyvw4Hy3dGjhajJUeyh6a32ACAULQM-OAkiS4oMbDn7KTO&s
"Learn-German-Easily on X: """"     Ich wünschte, meine Augen könnten ...",https://twitter.com/LearnXDGerman/status/1834589223887765599,X (formerly Twitter),› LearnXDGerman,› status,"13 Sept 2024 ... Ich wünschte, meine Augen könnten Fotos machen. I wish my eyes could take photos.",...,Augen,,German,https://twitter.com/LearnXDGerman/status/1834589223887765599,https://encrypted-tbn0.gstatic.com/images?q=tbn:ANd9GcQauj64J2r7jg5OCqH4AyHxFVDRo3LX8Y15CiGGVOZhCnmblJJR7VJMAlM&s
"wXw Germany on X: """"Red Scorpion steigt bei der #wXwEM für ...",https://twitter.com/wXwGermany/status/1807715778499850658,X (formerly Twitter),› wXwGermany,› status,1 Jul 2024 ... ... im Rahmen von #wXw16Carat. Jetzt hat er seine Augen auf die European Championship gerichtet. 🎟️ Tickets & Info: https://t.co/Uu6b4B1R6P.,...,Augen,,Germany,https://twitter.com/wXwGermany/status/1807715778499850658,https://encrypted-tbn0.gstatic.com/images?q=tbn:ANd9GcSQ0sPP5K_hUt-agDLvhAavwOKR_1v2CupJOJB_74quULl-CfOnFHXxq6Lu&s
"Arbutus Records on X: """"Das Beat's “Ohrwurm"""" is out today on all ...",https://twitter.com/arbutusrecords/status/1836061530820907381,X (formerly Twitter),› arbutusrecords,› status,"17 Sept 2024 ... ... German new wave artists such as DAF, with cheeky lyrics, “dubist ein ohrwurm für die augen“, translating in English to """"you are an earworm ...",...,German,augen,,,
Anne Wolf (@Ann_with_E_) / X,https://twitter.com/ann_with_e_,X (formerly Twitter),› ann_with_e_,,"Lab Head in University of Cologne, Germany. Experimental Immunology of the Eye ... Anne Wolf erhält Auszeichnung - Deutsches Förderprogramm für #Augenheilkunde ...",Germany,Augenheilkunde,,,https://twitter.com/ann_with_e_,https://encrypted-tbn0.gstatic.com/images?q=tbn:ANd9GcSGxH8ymDTf5rLTzIlkSy1XgkAUFUcmjdhYK2w4xV7RU9uaTSOsReC1V6s&s
MUTABOR (@mutabordesign) / X,https://twitter.com/mutabordesign,X (formerly Twitter),› mutabordesign,,"Hamburg, Germany Joined October 2009. 483 Following · 1,289 Followers · Posts ... """"Warum Kreativität beim Blick auf Technologie die Augen öffnet"""": Heinrich ...",Germany,Augen,,,https://twitter.com/mutabordesign,https://encrypted-tbn0.gstatic.com/images?q=tbn:ANd9GcQROAjNQ022PxZy9DcyUL86BIhTlUxuih4R6kGM3jsrmVOfCcotFQrdoa0q&s
Maximilian Terhalle (@M_Terhalle) / X,https://twitter.com/m_terhalle,X (formerly Twitter),› m_terhalle,,"DEU sollte d Machtwillen v Großmächten als ein Kernmerkmal int'l Politik anerkennen,statt durch eigene, Krieg ausschließende Selbsttäuschung d Augen vor dieser ...",Augen,,,,https://twitter.com/m_terhalle,https://encrypted-tbn0.gstatic.com/images?q=tbn:ANd9GcQ2HsODrdkG9OCG7n0_DE2nMND_3w5lsEL_1hPQM_q8yuVSWopvEHYG0niI&s
Liz Shoo (@LizShoo) / X,https://twitter.com/lizshoo,X (formerly Twitter),› lizshoo,,"Journalist and TV presenter @WDRaktuell and @dwnews. Host of 'WDR aktuell', 'Focus on Europe' and 'The 77 Percent'. Tanzania. Africa. Germany. World.",Germany,,,,https://twitter.com/lizshoo,https://encrypted-tbn0.gstatic.com/images?q=tbn:ANd9GcQDOUvK2TVq916NmrL3Y762Go3YCelfBVrzabvxRUGOSYqEbI0fadfEIFgR&s
Sabrina Reinehr (@SabrinaReinehr) / X,https://twitter.com/sabrinareinehr,X (formerly Twitter),› sabrinareinehr,,"Erfahren Sie mehr über Karrierechancen und Fördermöglichkeiten, um Ihre berufliche Laufbahn in der Augenheilkunde zu planen und voranzutreiben. ... German...",Augenheilkunde,German,,,,
"TaKeTV on X: """"In Germany we say """"Augen zu und durch"""". That will ...",https://twitter.com/TaKeTV/status/1696187604977213619,X (formerly Twitter),› TaKeTV,› status,"28 Aug 2023 ... In Germany we say """"Augen zu und durch"""". That will do, because even with our eyes closed we will crush our groups in the @clashofagencies ...",...,Germany,Augen,Germany,,
Sebastian Fussek (@SebastianFussek) / X,https://twitter.com/sebastianfussek,X (formerly Twitter),› sebastianfussek,,"Urologist, Greifswald, Germany ... Augenheilkunde ✓Auch #Psychotherapie mit steigender ...",Germany,Augenheilkunde,,,https://twitter.com/sebastianfussek,https://encrypted-tbn0.gstatic.com/images?q=tbn:ANd9GcTHWisjhsaKPKHqpGdXqDNRhEDDKxTuKl-djpmA8GK74wuIEaHLK3XZho0&s
"Learn-German-Easily on X: """"     Ich wünschte, meine Augen könnten ...",https://twitter.com/LearnXDGerman/status/1661010399360348160,X (formerly Twitter),› LearnXDGerman,› status,"23 May 2023 ... Ich wünschte, meine Augen könnten Fotos machen. = I wish my eyes could take photos. #LearnGerman.",...,Augen,,German,https://twitter.com/LearnXDGerman/status/1661010399360348160,https://encrypted-tbn0.gstatic.com/images?q=tbn:ANd9GcQauj64J2r7jg5OCqH4AyHxFVDRo3LX8Y15CiGGVOZhCnmblJJR7VJMAlM&s
Breyer Kaymak Klabe (@augenchirurgie) / X,https://twitter.com/augenchirurgie,X (formerly Twitter),› augenchirurgie,,Ein Tag voller Innovationen in der Augenheilkunde 👁️✨. youtube.com. Der Alltag als Chirurg #lasik #smile #icl. Ein Tag voller Innovationen in der Augenheilkunde ...,Augenheilkunde,Augenheilkunde,,,https://twitter.com/augenchirurgie,https://encrypted-tbn0.gstatic.com/images?q=tbn:ANd9GcSkG3p2iW7HIeQ3bn9mogfVU0CZbQ6ID6nwAixyL2FiDBBPATxM1HuuBFo&s
tamina (@mienah) / X,https://twitter.com/mienah,X (formerly Twitter),› mienah,,"berlin, germany mienah.crd.co Born August 27 Joined July 2015. 360 Following ... ich hab genau 2 ziele vor augen bei den streamawards und das sind ein vlog und ...",germany,augen,,,https://twitter.com/mienah,https://encrypted-tbn0.gstatic.com/images?q=tbn:ANd9GcQUUY8byyH1NZ6flffJy_gjNtAFDe_Hv5qFoicA1KsLlRRKuvYgIkrtzq8&s
"GamePro Germany on X: """"Animal Crossing-Spielerin schließt beim ...",https://twitter.com/GamePro_de/status/1820890895874740529,X (formerly Twitter),› GamePro_de,› status,6 Aug 2024 ... Animal Crossing-Spielerin schließt beim Angeln die Augen - ihr Partner wundert sich darüber und lernt so den ultimativen Trick ...,...,Augen,,Germany,,
Marius Fischer (@Gegenpressing91) / X,https://twitter.com/gegenpressing91,X (formerly Twitter),› gegenpressing91,,I just left Germany with wife & baby to finally move with a car full of our ... Totaler Rückschritt in meinen Augen. 3. 56.,Germany,Augen,,,https://twitter.com/gegenpressing91,https://encrypted-tbn0.gstatic.com/images?q=tbn:ANd9GcTFXpQauGyuJy8UF7zrVmbmD8dtpzI26H01nVFztOseB8AoJKhtkqYVdxzq&s
Science of Intelligence (@scioi_cluster) / X,https://twitter.com/scioi_cluster,X (formerly Twitter),› scioi_cluster,,"Answering these questions is our aim. Berlin, Germany scienceofintelligence.de Joined October 2018 ... Augen Eintritt frei. Tickets online buchbar. Kommt ...",Germany,Augen,,,https://twitter.com/scioi_cluster,https://encrypted-tbn0.gstatic.com/images?q=tbn:ANd9GcQfWiNxydyhQqkUB_ZFLVkLN3EcvK5duE1JdPXy68CvO5TTm3MJIPRUehwV&s
"Lykke Friis on X: """"Great pleasure to be on stage with ...",https://twitter.com/lykkefriis/status/1856585938714935388,X (formerly Twitter),› lykkefriis,› status,13 Nov 2024 ... Will the EU have to defend Europe with less America - and less Germany ... Sie reiben sich ungläubig die Augen: Baerbock gerät nach Ampel ...,...,Germany,Augen,,https://twitter.com/lykkefriis/status/1856585938714935388,https://encrypted-tbn0.gstatic.com/images?q=tbn:ANd9GcTY0aaDyBiYgmOCLF635haM2wpcb2gSAJfLczIIdyLHoGaRFZx9MnIrme0&s
EUDocs Germany - X.com,https://twitter.com/eudocs,X (formerly Twitter),› eudocs,,"EUDocs Germany · @eudocs. ·. Aug 28, 2023. TOP Stellenangebot von EU Docs: exzellenten Operateur für OP Center OP Standortleitung- Facharzt der Augenheilkunde ...",Germany,Augenheilkunde,,Germany,https://twitter.com/eudocs,https://encrypted-tbn0.gstatic.com/images?q=tbn:ANd9GcQ9DD6WP2y92N4Wy2gAh_CR5uEj_CZqaSgCbebouAM5hC7EuMQjHx7LJorg&s
Loren Balhorn (@fraubalhorn) / X,https://twitter.com/fraubalhorn,X (formerly Twitter),› fraubalhorn,,"Encountered a new strain of German in the wild: guy on the train sitting in ... Diese Beweise belegen nur, was vor unser aller Augen passiert. Wer ...",German,Augen,,,https://twitter.com/fraubalhorn,https://encrypted-tbn0.gstatic.com/images?q=tbn:ANd9GcSt_pAySMZaAGOj7Nx0eh3VvuFaIFj9BuiNy6Tol3wqoaYGV-VWmSTLd-BF&s
Daniela Verena Huber (@dhuber81) / X,https://twitter.com/dhuber81,X (formerly Twitter),› dhuber81,,"Diese Beweise belegen nur, was vor unser aller Augen passiert. Wer lieber über den Bericht entsetzt ist als über das Grauen in Gaza hat alle moralischen ...",Augen,,,,https://twitter.com/dhuber81,https://encrypted-tbn0.gstatic.com/images?q=tbn:ANd9GcT53uJjVeadQ3kRIMM8LVAHosOpwHlF0jXSrqg2Wi4Ojp-RcoPZWZp4lQY&s
Katrin Figge (@katrinfigge) / X,https://twitter.com/katrinfigge,X (formerly Twitter),› katrinfigge,,"Berlin, Germany katrinfigge.com Joined October 2009. 446 Following · 1,780 ... Augen & einem gebrochenen Herzen ins Wochenende gehen.. Quote. Borussia.",Germany,Augen,,,https://twitter.com/katrinfigge,https://encrypted-tbn0.gstatic.com/images?q=tbn:ANd9GcTMl8jxRi_bumZDNgEsBdi0BW59U5LiHHKFeK2lNkYyIzOGD_VKZ0QSmLQ&s
"KCON GERMANY on X: """"[#KCONGERMANY2024] GET CLOSE TO ...",https://twitter.com/kcon_germany/status/1819268350339699085,X (formerly Twitter),› kcon_germany,› status,"2 Aug 2024 ... KCONGERMANY2024] GET CLOSE TO ARTISTS Komm deinen Favoriten auf KCON noch näher Eine Chance, deinen Favoriten direkt vor deinen Augen zu ...",...,Augen,,GERMANY,https://twitter.com/kcon_germany/status/1819268350339699085,https://encrypted-tbn0.gstatic.com/images?q=tbn:ANd9GcToZ_3MhI_dUSfepDHIA4J_982Oovr-164A5JbzmKVCdWx7u7NkEZSE4JI&s
"Musa Okwonga on X: """"Look at this video from this weekend in ...",https://twitter.com/Okwonga/status/1822904669397516473,X (formerly Twitter),› Okwonga,› status,12 Aug 2024 ... Look at this video from this weekend in Germany. Hundreds of neo ... “-Rufe unter den Augen der Einsatzbehörden. Existiert die ...,...,Germany,Augen,,https://twitter.com/Okwonga/status/1822904669397516473,https://encrypted-tbn0.gstatic.com/images?q=tbn:ANd9GcSSE5hMLPccrXqr-sc2PZ41OnTR2sEBeGh3NCEtWQVHzhf2yNL7iSB9iYg&s
Roy Karadag (@KaradagR) / X,https://twitter.com/karadagr,X (formerly Twitter),› karadagr,,"... Augen meiner Liebsten zu sehen. Aber es ist auch gut, die ... You know Germany has gone too far with its anti antisemitism smear campaign ...",Augen,Germany,,,https://twitter.com/karadagr,https://encrypted-tbn0.gstatic.com/images?q=tbn:ANd9GcSUxQx_zgAqM2NsunLGQ4waDFLSZQH0ThcAhveqboBJLPM2MhWTKni-tX0&s
Hanna Pfeifer (@hanna_pfeifer) / X,https://twitter.com/hanna_pfeifer,X (formerly Twitter),› hanna_pfeifer,,"7 hours ago ... ... Germany, Austria, Denmark, and others have announced pauses in the ... Augen und den spitzen Bemerkungen. Die ich hier freudestahlend ...",...,Germany,Augen,,https://twitter.com/hanna_pfeifer,https://encrypted-tbn0.gstatic.com/images?q=tbn:ANd9GcRy8GaDzJf9R3Gc7SYLNjWuHEEnceaST26MEWMTvgZ647akY5u3XGwhQV8&s
"Hans von der Burchard on X: """"Since 2014 we've faced Russian ...",https://twitter.com/vonderburchard/status/1554790157060116481,X (formerly Twitter),› vonderburchard,› status,3 Aug 2022 ... ... German leaders held their nose & did business as usual. Now Scholz ... Bei @Siemens_Energy konnte ich mit eigenen Augen sehen: Die gewartete ...,...,German,Augen,,https://twitter.com/vonderburchard/status/1554790157060116481,https://encrypted-tbn0.gstatic.com/images?q=tbn:ANd9GcSWhO7OzdI2GXevDz89LCfnDxNHeYaXwaMZ6ULcV-KLa136bxZnd9GZsBE&s
Markus Kuhn (@themarkuskuhn) / X,https://twitter.com/themarkuskuhn,X (formerly Twitter),› themarkuskuhn,,26 Jul 2024 ... @PFHOFAmbassador. ·. Nov 8. Below is the draft card of Markus Kuhn - born in Germany ... Niemals den Focus & deine Umgebung aus den Augen ...,...,Germany,Augen,,https://twitter.com/themarkuskuhn,https://encrypted-tbn0.gstatic.com/images?q=tbn:ANd9GcRPYbO6PFeWOh52ScJBc1Fj39sT7n2gzBL9x0Mah3x-JRg1KVszNYQJ1K4&s
Isabella Kugler (@IsabellaKugler) / X,https://twitter.com/isabellakugler,X (formerly Twitter),› isabellakugler,,"Dragon, creature and gore fanatic. Germany artstation.com/isabella_kugler Joined October 2019 ... Beides brennt in den Augen und ist gut gegen Nazis. Holt ...",Germany,Augen,,,https://twitter.com/isabellakugler,https://encrypted-tbn0.gstatic.com/images?q=tbn:ANd9GcRNet3Q3Qz7Cd5zccBy2H39XC8qKUdE3VYGZuoIjfJ_pS3iyMNmXCCwK-w&s
ANIMA RES GmbH (@animares) / X,https://twitter.com/animares,X (formerly Twitter),› animares,,... Germany' award by. @Global_H_Pharma. at the 'Healthcare and Pharmaceutical ... Ein lebensechtes Herz direkt vor den eigenen Augen – ganz ohne OP & Skalpell.,Germany,Augen,,,https://twitter.com/animares,https://encrypted-tbn0.gstatic.com/images?q=tbn:ANd9GcQ9mDUaFQ6EnkGtOtwyPxoEFq0gBUc1OaFkr1H-f577i-eQKTTULDZh-FkB&s
eleven cyber security GmbH (@ElevenGmbh) / X,https://twitter.com/elevengmbh,X (formerly Twitter),› elevengmbh,,"Wir bieten Unternehmen umfassende #emailsecurity Made In Germany. Unsere Lösungen schützen Ihre E-Mail-Kommunikation zuverlässig vor #Spam, ...",Germany,,,,https://twitter.com/elevengmbh,https://encrypted-tbn0.gstatic.com/images?q=tbn:ANd9GcTg34-vfC2IXs-8BxEIPZmHFW3JCL-5jc6dhrtsdPwwzNUDdCUp3oNGRk4&s
Andreas T. Hirblinger - X.com,https://twitter.com/hirblinger,X (formerly Twitter),› hirblinger,,We have to be worried about democratic backsliding in Germany. The events in ... Jetzt droht die Bevölkerung in Gaza vor unser aller Augen dem Hungertod ...,Germany,Augen,,,https://twitter.com/hirblinger,https://encrypted-tbn0.gstatic.com/images?q=tbn:ANd9GcS-EdkEX7lg-Bq-PA5IE0GeZcvv_vCx5z_ObTfsGEKy33x8ZaM9pcHHNtwm&s
Insa Hoffmann (@InsaHoffmannart) / X,https://twitter.com/insahoffmannart,X (formerly Twitter),› insahoffmannart,,"Freiheit geschieht innerhalb von Einschränkungen, sonst ist alles Wischi-Waschi. Die Masterclass Malerei öffnet die Augen. https://t.co/eJ0k7806z7.",Augen,,,,https://twitter.com/insahoffmannart,https://encrypted-tbn0.gstatic.com/images?q=tbn:ANd9GcRSD1DFif09UxVvz3Nm42TQxXgL588SvpdUJW7OKMEY2TMLHpqJDMsH9Z2a&s
Robin Stoll (@Stollinidis) / X,https://twitter.com/stollinidis,X (formerly Twitter),› stollinidis,,"Germany s2records.lnk.to/Faster Born December 1 Joined October 2010. 161 ... Ich kriege immer noch Gänsehaut und Tränen in den Augen, wenn ich das sehe.",Germany,Augen,,,https://twitter.com/stollinidis,https://encrypted-tbn0.gstatic.com/images?q=tbn:ANd9GcSjyPxgTm821d7pm__6m_URWgxojjl0O17S2pNI8HpqbW1Q2iaT_MO0upaA&s
Nele Schröder (@NeleSchr) / X,https://twitter.com/neleschr,X (formerly Twitter),› neleschr,,"Starker und berührender Artikel, der hoffentlich dazu beiträgt, mehr Menschen die Augen zu öffnen. ... """"Duzen"""" is always quite a struggle in Germany (even as a ...",Augen,Germany,,,https://twitter.com/neleschr,https://encrypted-tbn0.gstatic.com/images?q=tbn:ANd9GcQs5ykKoDlaiey0PXcAbDX4XsFy4K46IhTPvW6hIzVaKVDbIv_xLnTG8vI&s
Irg T. Bührer (@IrgTBuehrer) / X,https://twitter.com/irgtbuehrer,X (formerly Twitter),› irgtbuehrer,,... Augen verschließen: Das halte ich für falsch. Wir sind eben nicht nur ... Germany Got a Chance to Show It Rules the World of Forklift Racing. It Didn ...,Augen,Germany,,,https://twitter.com/irgtbuehrer,https://encrypted-tbn0.gstatic.com/images?q=tbn:ANd9GcROzG07bi5oh1Wm6jvWAnjFvKiJXmd-Nhu92CZ8eJJHMWH_ghfA24kQNAE&s
"Learn-German-Easily on X: """"     Wenn man die Augen zumacht ...",https://twitter.com/LearnXDGerman/status/1449676598588944390,X (formerly Twitter),› LearnXDGerman,› status,"17 Oct 2021 ... Wenn man die Augen zumacht, klingt der Regen wie Applaus. When you close your eyes, the rain sounds like applause.",...,Augen,,German,https://twitter.com/LearnXDGerman/status/1449676598588944390,https://encrypted-tbn0.gstatic.com/images?q=tbn:ANd9GcRIcWTaweBm_KcrwddYxP5ZEL7dZGlzV5aiK-aJrt6jm0BzSMGpxMS6SSMi&s
"Botschaft Polen DE on X: """"„Sie öffnet uns die Augen für das, was ...",https://twitter.com/PLinDeutschland/status/1847882160767680728,X (formerly Twitter),› PLinDeutschland,› status,"20 Oct 2024 ... Sie öffnet uns die Augen für das, was passiert in ... 6:06 AM · Oct 20, 2024 from Berlin, Germany. ·. 1,040. Views. 3. Reposts.",...,Augen,Germany,Augen,https://twitter.com/PLinDeutschland/status/1847882160767680728,https://encrypted-tbn0.gstatic.com/images?q=tbn:ANd9GcSyjhadlRTmmrkpSXDBItNJygjkuWp57_O1MMm_yKB5MfZnEzoQjAfyR450&s
A*S*Y*S (@ASYSOFFICIAL) / X,https://twitter.com/asysofficial,X (formerly Twitter),› asysofficial,,... germany #techno #technofamily #radio #podcast #nightclub #musicfestival ... Vor mehr als 53 Jahren kniete ein SPD-Bundeskanzler vor den Augen der Welt ...,germany,Augen,,,https://twitter.com/asysofficial,https://encrypted-tbn0.gstatic.com/images?q=tbn:ANd9GcQDuzZD_bBm8-fu9iDGhNUdU9wWO16CBPcazDH4knRtiijem8q7OkBPBTQ&s
Nele Schröder (@NeleSchr) / X,https://twitter.com/neleschr,X (formerly Twitter),› neleschr,,"Starker und berührender Artikel, der hoffentlich dazu beiträgt, mehr Menschen die Augen zu öffnen. ... """"Duzen"""" is always quite a struggle in Germany (even as a ...",Augen,Germany,,,https://twitter.com/neleschr,https://encrypted-tbn0.gstatic.com/images?q=tbn:ANd9GcQs5ykKoDlaiey0PXcAbDX4XsFy4K46IhTPvW6hIzVaKVDbIv_xLnTG8vI&s
"Gregory, Kopp Company on X: """"#31Oktober #PrinceHarry ...",https://twitter.com/kopp_co/status/1852078192674111622,X (formerly Twitter),› kopp_co,› status,"31 Oct 2024 ... ... aus Geschichte und Intrigen, während sich das Gilded Age diese Woche vor Ihren Augen entfaltet! Klick #Berlin #Germany https://t.co/PLXvYVubBQ.",...,Augen,Germany,,,
"wXw Germany on X: """"Bei #wXwSttT ist immer mit ALLEM zu rechnen ...",https://twitter.com/wXwGermany/status/1793643294200635449,X (formerly Twitter),› wXwGermany,› status,"23 May 2024 ... ... Vorverkauf (https://t.co/Uu6b4B1jhh) Zeit, den 1. Wrestler zu verraten, oder? Haltet die Augen offen. Um 18 Uhr wisst ihr mehr.",...,Augen,,Germany,https://twitter.com/wXwGermany/status/1793643294200635449,https://encrypted-tbn0.gstatic.com/images?q=tbn:ANd9GcR5hVBb8ca5znPehW0nQQz2mIkiGC-V5dIi81I89MBfG-O2xGhU1gABq901&s
UFC GYM Germany (@ufcgym_germany) / X,https://twitter.com/ufcgym_germany,X (formerly Twitter),› ufcgym_germany,,"UFC GYM Germany · @ufcgym_germany. ·. Mar 26, 2021. Die Worte eines Double Champions Wenn ihr euer Ziel immer vor Augen habt, dann werdet ihr es auch ...",Germany,Augen,,Germany,https://twitter.com/ufcgym_germany,https://encrypted-tbn0.gstatic.com/images?q=tbn:ANd9GcSNeLX7xV8H629AOVK5xfL0RsqpWFkElgW7m9SPn_VDnFFSAF5iEiv0NXGm&s
"Learn-German-Easily on X: """"     Mit meinen Augen muss irgendetwas ...",https://twitter.com/LearnXDGerman/status/1821548346756018611,X (formerly Twitter),› LearnXDGerman,› status,"8 Aug 2024 ... Mit meinen Augen muss irgendetwas sein, ich kann sie nicht von dir lassen. There must be something wrong with my eyes, I can't take them ...",...,Augen,,German,https://twitter.com/LearnXDGerman/status/1821548346756018611,https://encrypted-tbn0.gstatic.com/images?q=tbn:ANd9GcQauj64J2r7jg5OCqH4AyHxFVDRo3LX8Y15CiGGVOZhCnmblJJR7VJMAlM&s
"SOS MEDITERRANEE Germany on X: """"Die EU verschließt die ...",https://twitter.com/SOSMedGermany/status/1838559071995060392,X (formerly Twitter),› SOSMedGermany,› status,24 Sept 2024 ... Die EU verschließt die Augen vor der Verfolgung und Diskriminierung von Menschen auf der Flucht in Tunesien. Die erzwungenen Vertreibungen ...,...,Augen,,Germany,https://twitter.com/SOSMedGermany/status/1838559071995060392,https://encrypted-tbn0.gstatic.com/images?q=tbn:ANd9GcQfYuL-sXT4tJwjbKfBxnK8F2RFwdZMxn_7UEkLihq2XX_shOFn4QgYuYI&s
"Michel Doepke on X: """"I mentioned the (combination) potential of ...",https://twitter.com/doepke_michel/status/1808404064901664997,X (formerly Twitter),› doepke_michel,› status,3 Jul 2024 ... ... augen-auf-diesen-wirkstoff-20349330.html… Quote. Michel Doepke ... #Amylin nugget (in German). Danish based $GUBRA is running a phase 1 ...,...,augen,German,,https://twitter.com/doepke_michel/status/1808404064901664997,https://encrypted-tbn0.gstatic.com/images?q=tbn:ANd9GcQWp_HjhtflD5sPEQBUXArsGpU5qnK1gnbluzCtjIqSTnQR5fRy4Rnauhaw&s
"Anikó Glogowski-Merten on X: """"Wenn junge Menschen auf der ...",https://twitter.com/AnikoMerten/status/1768554500590108926,X (formerly Twitter),› AnikoMerten,› status,"15 Mar 2024 ... Wenn junge Menschen auf der Tribüne die Augen verdrehen & die Welt nicht mehr verstehen, redet die AfD über ihr Frauenbild. … am Herd & auf ...",...,Augen,,,https://twitter.com/AnikoMerten/status/1768554500590108926,https://encrypted-tbn0.gstatic.com/images?q=tbn:ANd9GcS8LqFPAUKqE-RPkR5uOE5VjGtP7PkidPLp3M_XHbM6ugTmbFq43RkkUtFu&s
Nele Schröder (@NeleSchr) / X,https://twitter.com/neleschr,X (formerly Twitter),› neleschr,,"Starker und berührender Artikel, der hoffentlich dazu beiträgt, mehr Menschen die Augen zu öffnen. ... """"Duzen"""" is always quite a struggle in Germany (even as a ...",Augen,Germany,,,https://twitter.com/neleschr,https://encrypted-tbn0.gstatic.com/images?q=tbn:ANd9GcQs5ykKoDlaiey0PXcAbDX4XsFy4K46IhTPvW6hIzVaKVDbIv_xLnTG8vI&s
"Learn-German-Easily on X: """"     Ich wünschte, meine Augen könnten ...",https://twitter.com/LearnXDGerman/status/1834589223887765599,X (formerly Twitter),› LearnXDGerman,› status,"13 Sept 2024 ... Ich wünschte, meine Augen könnten Fotos machen. I wish my eyes could take photos.",...,Augen,,German,https://twitter.com/LearnXDGerman/status/1834589223887765599,https://encrypted-tbn0.gstatic.com/images?q=tbn:ANd9GcQauj64J2r7jg5OCqH4AyHxFVDRo3LX8Y15CiGGVOZhCnmblJJR7VJMAlM&s
"Emily Wachelka on X: """"What is the weirdest German saying you ...",https://twitter.com/bzbear2/status/1432741425012166656,X (formerly Twitter),› bzbear2,› status,"31 Aug 2021 ... What is the weirdest German saying you know? I'll go first: """"ich habe pipi in den Augen"""" which means """"I have PEE in my eyes, aka that made ...",...,German,Augen,German,https://twitter.com/bzbear2/status/1432741425012166656,https://encrypted-tbn0.gstatic.com/images?q=tbn:ANd9GcSC_-wejWLZ0stPz1RCy19vDQWamNiJCTs11p3jrofxbRsNg7RALgv50r3R&s
"Christian W. Röhl on X: """"„Mit offenen Augen durch die Welt gehen ...",https://twitter.com/CWRoehl/status/1589990063093714945,X (formerly Twitter),› CWRoehl,› status,"... #Aktien-Analyse reicht!? h/t. @Proctooor. Translate post. Image. 2:35 PM · Nov 8, 2022 from Berlin, Germany · 2. Reposts · 1. Quote · 86. Likes.",Germany,,,Augen,https://twitter.com/CWRoehl/status/1589990063093714945,https://encrypted-tbn0.gstatic.com/images?q=tbn:ANd9GcTWuL9xWnFi5-9sKknik9oVGffCCZ8Q_eyuHgb5ZrHAupoxdQIb7pNDBpuA&s
Charamel GmbH - X.com,https://twitter.com/charamel,X (formerly Twitter),› charamel,,"Fröhlichen Nikolaustag! Wir von alangu wünschen euch allen einen wundervollen Nikolaustag voller süßer Leckereien, funkelnder Augen und kleiner Momente ...",Augen,,,,https://twitter.com/charamel,https://encrypted-tbn0.gstatic.com/images?q=tbn:ANd9GcRaMYbOgQZP9Q8AcTFN5fpBYhOSTsB6V5JiWp_DQtmSCc3mSjY601E4Hc8&s
UFC GYM Germany (@ufcgym_germany) / X,https://twitter.com/ufcgym_germany,X (formerly Twitter),› ufcgym_germany,,"UFC GYM Germany · @ufcgym_germany. ·. Mar 26, 2021. Die Worte eines Double Champions Wenn ihr euer Ziel immer vor Augen habt, dann werdet ihr es auch ...",Germany,Augen,,Germany,https://twitter.com/ufcgym_germany,https://encrypted-tbn0.gstatic.com/images?q=tbn:ANd9GcSNeLX7xV8H629AOVK5xfL0RsqpWFkElgW7m9SPn_VDnFFSAF5iEiv0NXGm&s
Christina Ising (@ChristinaIsing) / X,https://twitter.com/christinaising,X (formerly Twitter),› christinaising,,"We have an open position for a lab technician/research assistant in our lab. Due to my incapacity to learn German, it will be appreciated if the candidates have ...",German,,,,https://twitter.com/christinaising,https://encrypted-tbn0.gstatic.com/images?q=tbn:ANd9GcSAANZP40PZQE_Hf9YWqh7rW7zu_2Nnv7cVkENrPFz346q_KumTrFc1JQY&s
"Embassy of Armenia in Germany on X: """"Botschaft #Armenien's     in ...",https://twitter.com/armembgermany/status/1084807294943141889,X (formerly Twitter),› armembgermany,› status,"14 Jan 2019 ... ... Augen"""",vorgestellt von Autorin Safaryan und Dr. Müller-Lendrodt.Der Abend war musikalisch von der Pianistin Karine #Gilanyan begleitet.",...,Augen,,Germany,https://twitter.com/armembgermany/status/1084807294943141889,https://encrypted-tbn0.gstatic.com/images?q=tbn:ANd9GcQukAsfrflTG_CEgVLBlApBirk2FFz0XMOdxFQhF-K49e06294ewRnbm6I&s
"Gaspow on X: """"Machte eure Augen auf @GermanAmigosRL! Wie ist ...",https://twitter.com/GaspowRL/status/1439894327677886464,X (formerly Twitter),› GaspowRL,› status,"20 Sept 2021 ... der viel bessere Spieler ist und auch noch sehr gut passen kann?!? Ich finde allgemein, dass er besser als all die anderen Spieler in German ...",...,German,,Augen,https://twitter.com/GaspowRL/status/1439894327677886464,https://encrypted-tbn0.gstatic.com/images?q=tbn:ANd9GcQ3SEoH2tdQ8343QNIAabbo7kbmDwnPtVnQY0roPWpX3lGkNpFFRLlKSWwM&s
"Sloeful German | sloeful.com on X: """"     etw. aus den Augen verlieren ...",https://twitter.com/sloeful_german/status/1862536534991224861,X (formerly Twitter),› sloeful_german,› status,29 Nov 2024 ... etw. aus den Augen verlieren to lose sight of sth. Beispiel: https://t.co/JnrYdopvsD #learngerman #langtwt.,...,Augen,,German,,
"Learn-German-Easily on X: """"     Ich liebe den Moment, wenn du mir ...",https://twitter.com/LearnXDGerman/status/1856709962254180394,X (formerly Twitter),› LearnXDGerman,› status,"13 Nov 2024 ... Ich liebe den Moment, wenn du mir in die Augen schaust und dann lächelst. I love the moment when you look into my eyes and smile.",...,Augen,,German,https://twitter.com/LearnXDGerman/status/1856709962254180394,https://encrypted-tbn0.gstatic.com/images?q=tbn:ANd9GcQauj64J2r7jg5OCqH4AyHxFVDRo3LX8Y15CiGGVOZhCnmblJJR7VJMAlM&s
"Anikó Glogowski-Merten on X: """"Wenn junge Menschen auf der ...",https://twitter.com/AnikoMerten/status/1768554500590108926,X (formerly Twitter),› AnikoMerten,› status,"15 Mar 2024 ... Wenn junge Menschen auf der Tribüne die Augen verdrehen & die Welt nicht mehr verstehen, redet die AfD über ihr Frauenbild. … am Herd & auf ...",...,Augen,,,https://twitter.com/AnikoMerten/status/1768554500590108926,https://encrypted-tbn0.gstatic.com/images?q=tbn:ANd9GcS8LqFPAUKqE-RPkR5uOE5VjGtP7PkidPLp3M_XHbM6ugTmbFq43RkkUtFu&s
"Ninja Warrior Germany on X: """"Ein #Finale zum Augen reiben ...",https://twitter.com/ninjawarriorrtl/status/1472325321605230595,X (formerly Twitter),› ninjawarriorrtl,› status,18 Dec 2021 ... Ein #Finale zum Augen reiben: Sandro Scheibler und auch Alex Wurm scheitern am Spaziergang - somit endet womöglich gleich die Überdominanz ...,...,Augen,,Germany,https://twitter.com/ninjawarriorrtl/status/1472325321605230595,https://encrypted-tbn0.gstatic.com/images?q=tbn:ANd9GcRzY3yFL-e3ipbduXdgBroexiLCnnnxVDqv-ARuMVVji3XINZCB0eQCG_8&s
Botschaft Israel (@IsraelinGermany) / X,https://twitter.com/IsraelinGermany,X (formerly Twitter),› IsraelinGermany,,"- Welcome to the official X-Channel of the Embassy of Israel in Berlin! Berlin, Germany israel.de Joined January 2010 ... die Augen vor dem Terrorismus innerhalb ...",Germany,Augen,,,https://twitter.com/IsraelinGermany,https://encrypted-tbn0.gstatic.com/images?q=tbn:ANd9GcRXvXb62Fcz19usaprSumKv2dlwGP_v0112xKipr_dUYvaThuv-p4xfcj09&s
János | GERMAN(Y) EXPLAINED (@germanexplained) / X,https://twitter.com/germanexplained,X (formerly Twitter),› germanexplained,,"Heidelberg, Germany linktr.ee/germanexplained Joined January 2020 ... b) damit ✓ damit = so that """"Ich trinke Kaffee, DAMIT mir nicht die Augen zufallen.",Germany,Augen,,GERMAN,https://twitter.com/germanexplained,https://encrypted-tbn0.gstatic.com/images?q=tbn:ANd9GcQUNSI2Be006wriDatWkOkurhtZd2te3-8sYdezHhV8vHqS97SBmMvnLmE&s
"Deutscher Schachbund on X: """"Mit einem lachenden und einem ...",https://twitter.com/Schachbund/status/1417461467507564546,X (formerly Twitter),› Schachbund,› status,20 Jul 2021 ... Mit einem lachenden und einem weinenden Augen ... German Masters der Frauen in Magdeburg sehen werden ... Mit einem lachenden und einem weinenden ...,...,Augen,German,,https://twitter.com/Schachbund/status/1417461467507564546,https://encrypted-tbn0.gstatic.com/images?q=tbn:ANd9GcRpKaU7bCW3iuKs71Ndn-A_LGgybtf7rMYzdt4cWJlXMff58W7g4PDA134z&s
Augenärzte VeniVidi (@AugenVeniVidi) / X,https://twitter.com/augenvenividi,X (formerly Twitter),› augenvenividi,,"LASIK, Katarakt, Lidchirurgie, AMD, Glaukom, Netzhautchirurgie. Köln, Germany augen-venividi.de Joined October 2009. 7 Following · 91 Followers · Posts.",Germany augen,,,,https://twitter.com/augenvenividi,https://encrypted-tbn0.gstatic.com/images?q=tbn:ANd9GcRydRuZ2xHV61vIrDkdNxsRYj6cezI1kKsey5tl_gd9kCKnGOyEfIYftVo&s
Bundesverband Glaukom-Selbsthilfe e.V. (@BvGS_eV) / X,https://twitter.com/bvgs_ev,X (formerly Twitter),› bvgs_ev,,"Die emeritierte Professorin für Augenheilkunde, Dr. Ilse Strempel, ist für ... 🗓️November 11 hybrid: CRTD + online in German Learn more about ...",Augenheilkunde,German,,,https://twitter.com/bvgs_ev,https://encrypted-tbn0.gstatic.com/images?q=tbn:ANd9GcT2JzkhUUOV5xkQESEFJOGNEJIFftFuXkjkdkUN9rT3P6BwQIAGVd5zkqvZ&s
Irg T. Bührer (@IrgTBuehrer) / X,https://twitter.com/irgtbuehrer,X (formerly Twitter),› irgtbuehrer,,... Augen verschließen: Das halte ich für falsch. Wir sind eben nicht nur ... Germany Got a Chance to Show It Rules the World of Forklift Racing. It Didn ...,Augen,Germany,,,https://twitter.com/irgtbuehrer,https://encrypted-tbn0.gstatic.com/images?q=tbn:ANd9GcROzG07bi5oh1Wm6jvWAnjFvKiJXmd-Nhu92CZ8eJJHMWH_ghfA24kQNAE&s
"Gregory, Kopp Company on X: """"#PrinceHarry, #MeghanMarkle's ...",https://twitter.com/kopp_co/status/1852769864655782227,X (formerly Twitter),› kopp_co,› status,"2 Nov 2024 ... ... und Intrigen, während sich das Gilded Age in dieser Weihnachtszeit #Weihnachten vor Ihren Augen entfaltet #Germany https://t.co/PLXvYVuJro.",...,Augen,Germany,,,
"Fridays for Future Germany on X: """"⚠️ Bundesweiter #Warntag - X",https://twitter.com/FridayForFuture/status/1834155172584378377,X (formerly Twitter),› FridayForFuture,› status,"12 Sept 2024 ... ... dem heißesten Sommer seit Beginn der Aufzeichnungen vor unseren Augen Kommen Sie am 20.09. mit auf die Straße, wenn Sie diese Nachricht lesen!",...,Augen,,Germany,https://twitter.com/FridayForFuture/status/1834155172584378377,https://encrypted-tbn0.gstatic.com/images?q=tbn:ANd9GcRMosQTOxXJTu01_7Qpvf2a6LCiUZZFywL8ky_kx2I_qC2O5VIUAH8F0Mg8&s
Jasa Veselinovic (@JasaVeselinovic) / X,https://twitter.com/jasaveselinovic,X (formerly Twitter),› jasaveselinovic,,"Auch weil wir die Augen vor dem Horror verschließen, der sich dort tagtäglich abspielt. ... Germany's first official response to the ICC warrants: 'We are looking ...",Augen,Germany's,,,https://twitter.com/jasaveselinovic,https://encrypted-tbn0.gstatic.com/images?q=tbn:ANd9GcRyewgzfjj_xLK2W5dkIr_8rVVfP9vHiKAhJzltnAM0TX6I68eTUxcackC8&s
ANIMA RES GmbH (@animares) / X,https://twitter.com/animares,X (formerly Twitter),› animares,,... Germany' award by. @Global_H_Pharma. at the 'Healthcare and Pharmaceutical ... Ein lebensechtes Herz direkt vor den eigenen Augen – ganz ohne OP & Skalpell.,Germany,Augen,,,https://twitter.com/animares,https://encrypted-tbn0.gstatic.com/images?q=tbn:ANd9GcQ9mDUaFQ6EnkGtOtwyPxoEFq0gBUc1OaFkr1H-f577i-eQKTTULDZh-FkB&s
"Yadea Germany on X: """"Alle Augen auf uns! Auf der EICMA 2022 ...",https://mobile.twitter.com/YadeaGermany/status/1590403858605297664,X (formerly Twitter),› YadeaGermany,› status,9 Nov 2022 ... Alle Augen auf uns! Auf der EICMA 2022 haben wir unsere brandneuen Zweiräder VFD&VFV vorgestellt. Du konntest nicht dabei sein?,...,Augen,,Germany,,
"Bayer 04 Leverkusen on X: """"Die erste Einheit vor den Augen von ...",https://twitter.com/bayer04fussball/status/1541346433202257921,X (formerly Twitter),› status,,"⚫️♥️ #Bayer04 | #Werkself. Translate post. Image. 9:03 AM · Jun 27, 2022 from Leverkusen, Germany · 2. Reposts · 90. Likes.",Germany,,,Augen,https://twitter.com/bayer04fussball/status/1541346433202257921,https://encrypted-tbn0.gstatic.com/images?q=tbn:ANd9GcTHpNVHosvRZoniYMTZJZv-J7LYpDFhYEQi2Mb474arj_uctCNLCha3dPg&s
"Ulrike Franke on X: """"Kamikaze #drone for Ukraine, made in ...",https://twitter.com/RikeFranke/status/1763289555145212207,X (formerly Twitter),› RikeFranke,› status,"29 Feb 2024 ... Kamikaze #drone for Ukraine, made in Germany, incoming. Watch this space ... Ein Ex-TSK-Inspekteur machte große Augen. Der Rest hatte den ...",...,Germany,Augen,,https://twitter.com/RikeFranke/status/1763289555145212207,https://encrypted-tbn0.gstatic.com/images?q=tbn:ANd9GcT4VHTpz-eMVCxwZ3JZXC9FhPxEB0Bm52tYWtJI_as8SV0qtIrT6BA_WsM&s
Kevin Kopacka (@KevinKopacka) / X,https://twitter.com/kevinkopacka,X (formerly Twitter),› kevinkopacka,,"Der Debütfilm „Hinter den Augen die Dämmerung“ von Kevin Kopacka feiert den Siebziger-Jahre-Horror. ... Out now on DVD, Blu-Ray and limited Mediabook, here in ...",Augen,,,,https://twitter.com/kevinkopacka,https://encrypted-tbn0.gstatic.com/images?q=tbn:ANd9GcSqXdgP6pGukHMfgtebOTtJ6-xVX5GSWQg8xuTtfvsktnO0dwdB_tiSOBk&s
Mario Zimmer PT (@MPT26_) / X,https://twitter.com/mpt26_,X (formerly Twitter),› mpt26_,,"Leipzig, Germany X.com/MPT26_ Joined October 2010. 359 Following · 593 ... Mit offenen Augen - Nordkorea aus ungewohnter Perspektive - Komplette... Im ...",Germany,Augen,,,https://twitter.com/mpt26_,https://encrypted-tbn0.gstatic.com/images?q=tbn:ANd9GcRjLCrkcw2VWtaJxL_hH7ngGxTqkZO2L9LfouAkFJiZa0v8qmJR_gdSiOMp&s
Augenhorn - X.com,https://twitter.com/augenhorn,X (formerly Twitter),› augenhorn,,AUGEN (@augenhorn) • Instagram video · From instagram.com ... Germany. Embedded video. 0:11.,AUGEN,Germany,,,https://twitter.com/augenhorn,https://encrypted-tbn0.gstatic.com/images?q=tbn:ANd9GcS69l16kkMkxQMi10g8vd1x6JGgtcMnnw_TbRQzawgQWVWNk-aAnkfnuXQ&s
