Col0,Col0_HREF,Col1,Col2,Col3,Col4,Col5,Col6_HREF,Col7_SRC
Medevise (@medevise_live) / X,https://twitter.com/medevise_live,X (formerly Twitter),› medevise_live,... ophthalmology #ophthalmologist #innovation #diversity #inclusion #clinicalstudies #eyecare ... German Ophthalmological Society (DOG). #ophthalmology ...,ophthalmology,ophthalmologist,https://twitter.com/medevise_live,https://encrypted-tbn0.gstatic.com/images?q=tbn:ANd9GcT4AkhWgNfMz3fyL_qbYj81xXrL1w6CgJtyXX24YDLYRYczB_h7zIu3mrw&s
SOE (@soevisionorg) / X,https://twitter.com/soevisionorg,X (formerly Twitter),› soevisionorg,"European Society of Ophthalmology Congress (SOE 2025) Lisbon, 7 - 9 June 2025. ... Universität, Dresden, Germany Full report at https://soevision.org/news ...",Ophthalmology,Germany,https://twitter.com/soevisionorg,https://encrypted-tbn0.gstatic.com/images?q=tbn:ANd9GcTiABueljpss-u6TlJi_A6PLRu4VgFzQ7l6WTZw45v3ZTh2j1IlZHnbSDk&s
Yongwei Guo (@YongweiG) / X,https://twitter.com/YongweiG,X (formerly Twitter),› YongweiG,"Dr. Guo is an Ophthalmologist, Summa Cum Laude graduate of the Department of Ophthalmology, University of Cologne, Germany.",Ophthalmologist,Ophthalmology,,
Haag-Streit Diagnostics (@HSDiagnostics) / X,https://twitter.com/hsdiagnostics,X (formerly Twitter),› hsdiagnostics,"#haagstreit #escrs #cataract #refractive #ophthalmologist #ophthalmology #Copenhagen ... Congrats to Marc Müller from Saarland University Eye Clinic, Germany ...",ophthalmologist,ophthalmology,https://twitter.com/hsdiagnostics,https://encrypted-tbn0.gstatic.com/images?q=tbn:ANd9GcSpS-kJtbtK3Q02N1eejlpgQLBy0nhsQfRJJBvCrvb2o-zGJ2sLq30ZgIs&s
Hanna Spielmann (@HannaSpielmann) / X,https://twitter.com/HannaSpielmann,X (formerly Twitter),› HannaSpielmann,"Ophthalmologist in training. Berlin, Germany Joined March 2018. 83 Following ... #Augenärzte #Berlin #Brandenburg #Ophthalmology #Ophthotwitter #residency. 1.",Ophthalmologist,Germany,https://twitter.com/HannaSpielmann,https://encrypted-tbn0.gstatic.com/images?q=tbn:ANd9GcRay5JjY7rDp7XLI-ds9o9ovhPUx1vCk8GLMH4vlfXWpKonJIOu_Ip0Hr0&s
Dr.Hadil Mulla (@Dr_Hadil_IM) / X,https://twitter.com/dr_hadil_im,X (formerly Twitter),› dr_hadil_im,"Ophthalmologist at asklepios krankenhouse. Hamburg,Germany. Joined January 2012. 137 Following. 35 Followers.",Ophthalmologist,Germany,https://twitter.com/dr_hadil_im,https://encrypted-tbn0.gstatic.com/images?q=tbn:ANd9GcTpt4ubmUVAXW-6YUjKbp3RbuSAAHJXjHXI8H9XtyxQ6AHikoOR1RfZE0JK&s
"ESCRS on X: """"We have kickstarted the ESCRS surgical simulator ...",https://twitter.com/ESCRSofficial/status/1768567140150292828,X (formerly Twitter),› ESCRSofficial,"15 Mar 2024 ... We have kickstarted the ESCRS surgical simulator training in Bochum, Germany this morning ... Ophthalmology #Ophthalmologist #EyeSurgeon.",...,Germany,https://twitter.com/ESCRSofficial/status/1768567140150292828,https://encrypted-tbn0.gstatic.com/images?q=tbn:ANd9GcR5ocqFmxUUsVyGFSgI_N9ObWYncH5MiCRi2g-jxJDVzJ_cfXmNvBmHLPYI&s
SimulEYE - X,https://twitter.com/simuleye,X (formerly Twitter),› simuleye,... German Ophthalmic Surgeons (DOC) in Nuremberg! We're stoked to socialize with top-notch professionals and Industry players in Germany. Our products are ...,German Ophthalmic,Germany,https://twitter.com/simuleye,https://encrypted-tbn0.gstatic.com/images?q=tbn:ANd9GcRl9EOCtIF13B2xPi1nUB9FBYTJwWLdFAsk9mnNyTSiaY6UbmQ_15rmdvw&s
"Jobs in Germany on X: """"#Job: #Ophthalmologist - #Munich. We are ...",https://twitter.com/JobsinGermany_/status/1424440906443378699,X (formerly Twitter),› JobsinGermany_,8 Aug 2021 ... Job: #Ophthalmologist - #Munich. We are looking for specialists in ophthalmology m   f   d  for several positions throughout Germany...,...,Ophthalmologist,,
Soheil Adib-Moghaddam (@drsoam1) / X,https://twitter.com/drsoam1,X (formerly Twitter),› drsoam1,"Knowledge Lover, Daydreamer. Founder of Universal Council of Ophthalmology( UCO), Co-founder of Hash-tech, Ophthalmologist ... Germany. I have to express ...",Ophthalmology,Ophthalmologist,https://twitter.com/drsoam1,https://encrypted-tbn0.gstatic.com/images?q=tbn:ANd9GcSIX4a2XuDZr6uyuabIpWPX_Uz4PLpWonwC2_-OD7v3En7JIYhIh7JN5tE&s
Will Tucker (@Will_UveitisMEH) / X,https://twitter.com/will_uveitismeh,X (formerly Twitter),› will_uveitismeh,Uveitis Consultant Ophthalmologist at Moorfields Eye Hospital and Divisional Director Moorfields South. #Allviewsmyown. ... on Germany's national broadcatser.,Ophthalmologist,Germany's,https://twitter.com/will_uveitismeh,https://encrypted-tbn0.gstatic.com/images?q=tbn:ANd9GcT0R031gQfXIj16q_3qDop65u-2v4Qk1aLpiyqjAAAj-nQRbhfgSEzBHvNX&s
"Ophthalmology on X: """"#France #ophtalmologie #USA #Germany ...",https://twitter.com/M_Ophthalmology/status/1348915371445780481,X (formerly Twitter),› M_Ophthalmology,12 Jan 2021 ... France #ophtalmologie #USA #Germany #Austria #Hollande #Augenheilkunde #Spain #Oftalmología #China. ... #ophthalmologist #ophthalmology ...,...,Germany,https://twitter.com/M_Ophthalmology/status/1348915371445780481,https://encrypted-tbn0.gstatic.com/images?q=tbn:ANd9GcRKNNihdHd8e23V6F2nREisImrGFiwl2EsK1HFrTp4azgAVEu74OhXGUgKK&s
"Dr.V.Mohan on X: """"A picture of my late wife Dr. Rema Mohan with ...",https://twitter.com/drmohanv/status/1305729832039243778,X (formerly Twitter),› drmohanv,"15 Sept 2020 ... ... in Diabetic Retinopathy with renowned Prof. Eva M Kohner at Hammersmith Hospital & Royal PGMS London & University of Ulm, Germany.",...,Germany,https://twitter.com/drmohanv/status/1305729832039243778,https://encrypted-tbn0.gstatic.com/images?q=tbn:ANd9GcT88FHesk8l4FIgYB_rckkB41uiWSiCPGBwFrDkjEl7oqhN8L5HGbrgybD0&s
UCL & Moorfields Education (@UCLMoorfieldsEd) / X,https://twitter.com/uclmoorfieldsed,X (formerly Twitter),› uclmoorfieldsed,"Prof George J Kahaly, Chief Physician at JGU in Mainz (Germany) and board member of EUGOGO. ... Calling ophthalmologists and ophthalmic healthcare professionals.",Germany,ophthalmologists,https://twitter.com/uclmoorfieldsed,https://encrypted-tbn0.gstatic.com/images?q=tbn:ANd9GcTGcpKEx3jjxh-r6EillHw19-abxDMCGgZS_ZiaBiSvA3875-ue9ZSAeY44&s
"Association Philippe Jabre on X: """"Have you read our latest interview ...",https://twitter.com/APJLebanon/status/1380425166329675776,X (formerly Twitter),› APJLebanon,"9 Apr 2021 ... ... aspiring ophthalmologist, and we spoke to her during her internship in Germany https://t.co/YPDw1b3lhp #Ophthalmology #associationphilippejabre.",...,ophthalmologist,https://twitter.com/APJLebanon/status/1380425166329675776,https://encrypted-tbn0.gstatic.com/images?q=tbn:ANd9GcTmCQASc6QsyQt52NcXYIb9fbs84M_gYl_W47-iipnGuxGVi3MTDGOR8W8&s
"Vesber Biotech on X: """"   Vesber Biotech establish Vesber R&D ...",https://twitter.com/Vesber_Biotech/status/1847202308259557416,X (formerly Twitter),› Vesber_Biotech,18 Oct 2024 ... Vesber Biotech establish Vesber R&D center in Duisburg Germany！#euretina2024 #retinal #ophthalmologist #oculartrauma #oculista ...,...,Germany,,
Qasim Malik (@MalikMq1) / X,https://twitter.com/malikmq1,X (formerly Twitter),› malikmq1,... germany #usa #surgeon. Image ... Jaeger Calipers #ssqintl #eyesurgery #ophthalmology #eyecare #eyedoctor #ophthalmologist ...,germany,ophthalmology,,
EziDrops - X,https://twitter.com/ezidrops,X (formerly Twitter),› ezidrops,#ophthalmologist #eyesore #eyesurgery #hearinghealth #hearingcare. Image ... EziDrops is in Germany... Hallo Deutschland! The EziDrops Team ...,ophthalmologist,Germany,https://twitter.com/ezidrops,https://encrypted-tbn0.gstatic.com/images?q=tbn:ANd9GcTHZY3tdvgTUFDhjXfoAWUYfmKJvL_Pt_1jBDvKZy7f-6SUPdz907jhQ9di&s
"EziDrops on X: """"EziDrops is in Germany... Hallo Deutschland! The ...",https://twitter.com/EziDrops/status/1857042296774226378,X (formerly Twitter),› EziDrops,14 Nov 2024 ... EziDrops is in Germany... Hallo Deutschland! The EziDrops Team #ophthalmologist #glaucoma #eyesurgery #cataracts #eyecare.,...,Germany,https://twitter.com/EziDrops/status/1857042296774226378,https://encrypted-tbn0.gstatic.com/images?q=tbn:ANd9GcRNbW7S_XqruCU-tp2uGhBdWiDBlumNAb9dIuMSXnqoFKj7MaPN5h7PDLI&s
Dhaval n patel (@Dhvalnpatel7) / X,https://twitter.com/dhvalnpatel7,X (formerly Twitter),› dhvalnpatel7,Eye doctor (Ophthalmologist)..  ...Barcafan...,Eye doctor,Ophthalmologist,https://twitter.com/dhvalnpatel7,https://encrypted-tbn0.gstatic.com/images?q=tbn:ANd9GcTNX_wAlTQDhYxjy2f8viJCUrGJ1m3ud40QYfjtIT22RTiMzb8CPefVXR1K&s
Alice Swinton (@aswinton) / X,https://twitter.com/aswinton,X (formerly Twitter),› aswinton,"Germany Joined May 2009. 88 Following · 22 Followers · Posts · Replies · Media ... The Ophthalmologist · @OphthoMag. ·. Apr 12, 2018. Jim Mazzo introduces Masters ...",Germany,Ophthalmologist,https://twitter.com/aswinton,https://encrypted-tbn0.gstatic.com/images?q=tbn:ANd9GcS36Sl4oKqZPDZvwhouA6a3HCtbcAte5z0_fIusxH4zZutFeFjs6O8mYJ0q&s
Eliãs (@KiptooElias3) / X,https://twitter.com/KiptooElias3,X (formerly Twitter),› KiptooElias3,"Ophthalmologist Jena, Germany Joined February 2019. 1,936 Following · 401 Followers · Posts · Replies.",Ophthalmologist,Germany,https://twitter.com/KiptooElias3,https://encrypted-tbn0.gstatic.com/images?q=tbn:ANd9GcQsNgD8KeNEJHcCgU_tDXk_BouavBTW2bGgmRzUrkhJO0hcIWfPzB4G4jGr&s
bfjer surgico - X.com,https://twitter.com/bfjers,X (formerly Twitter),› bfjers,... germany #uae #cardiology #Neurology #oncology #doctor 00923304079181. Image ... ophthalmologist #international #dentistry #health #beauty #business. Image.,germany,ophthalmologist,https://twitter.com/bfjers,https://encrypted-tbn0.gstatic.com/images?q=tbn:ANd9GcRu-GKa1hu_3ck4Tduamtt8xWpWjFZwGAzngfL8Ogxgy-dIQ_aiPvKDrVI&s
EyeSustain_Official (@EyeSustain_) / X,https://twitter.com/eyesustain_,X (formerly Twitter),› eyesustain_,"Investigators from Germany ... The American Academy of Ophthalmology is thrilled to offer $1,000 grants to FIVE Young Ophthalmologist Academy members!",Germany,Ophthalmology,https://twitter.com/eyesustain_,https://encrypted-tbn0.gstatic.com/images?q=tbn:ANd9GcTUJHaypXMAsksdnbSIB2AdzP1XDGfKVFUT9e1fkqeERo0-6HvD8IehA6dm&s
George Mavro (@mavroinc) / X,https://twitter.com/mavroinc,X (formerly Twitter),› mavroinc,"Nov 14, 2016. Report: Germany's Carl #Zeiss Looking for Takeovers: http ... The Ophthalmologist · @OphthoMag. ·. Oct 13, 2016. Ludwin Monz - companies can ...",Germany's,Ophthalmologist,https://twitter.com/mavroinc,https://encrypted-tbn0.gstatic.com/images?q=tbn:ANd9GcSHlzxiXPE7E3ijtAxBGPovmCZegYtlPP1IkJXqV3B6akrLj8SBqt5ZtJc&s
Custom Surgical (@CustomSurgical) / X,https://twitter.com/customsurgical,X (formerly Twitter),› customsurgical,"Bader Khayat, anterior segment surgeon from Munich, Germany He's been ... Ophthalmology #medtech #microrec #customsurgical #ophthalmic #medinnovation # ...",Germany,Ophthalmology,https://twitter.com/customsurgical,https://encrypted-tbn0.gstatic.com/images?q=tbn:ANd9GcRR8DW7EnLCTUWSOK-wzZu8kcLXdTRh23pJadlpY-OWFdUU39ICiGZ72vc&s
Movu Inc. (@movu_inc) / X,https://twitter.com/movu_inc,X (formerly Twitter),› movu_inc,"... ophthalmology #ophthalmologist #cataractsurgery #cataract. Image ... Kongress der DGII 2017 in Dortmund, Germany 2/16-18. See ARGOS for yourself! http://bit ...",ophthalmology,ophthalmologist,https://twitter.com/movu_inc,https://encrypted-tbn0.gstatic.com/images?q=tbn:ANd9GcQYyxmU6Bn7MWNKBxQVRJDWHdlGu6IKeImla6Q4rFRiE4_FujghgYqG0K4&s
Yehia Hashad (@hashaye1) / X,https://twitter.com/hashaye1,X (formerly Twitter),› hashaye1,Ophthalmology Times · @OphthTimes ... Great trip visiting our colleagues in Germany for business reviews and a tour of our sterile manufacturing plant.,Ophthalmology,Germany,https://twitter.com/hashaye1,https://encrypted-tbn0.gstatic.com/images?q=tbn:ANd9GcQpAfoY50gqkp1zBDeIrBokB3bxm1an2_veNMtXXHhY5g6M0z8vgwECX6s&s
Ahmad A. Aref (@ahmadaref) / X,https://twitter.com/ahmadaref,X (formerly Twitter),› ahmadaref,"Germany (7.3%, GDP 3.5T USD), China (9.59%, GDP 11.2T USD), and the U.S. ... The Ophthalmologist · @OphthoMag. ·. Apr 11, 2017. On our #PowerList is Ahmad ...",Germany,Ophthalmologist,https://twitter.com/ahmadaref,https://encrypted-tbn0.gstatic.com/images?q=tbn:ANd9GcQG4eHC3UZb401CLdB8mXoBx73Yb2RZ-z4259PuXXUmxADIYD3pS72g9Rf1&s
Fiona Anderson (@FiAndOptician) / X,https://twitter.com/FiAndOptician,X (formerly Twitter),› FiAndOptician,"A Dispensing Optician, Ophthalmologist, Orthoptist & Optometrist at ... Germany #Australia & #NewZealand to be with us #NobodyHeldBack #BetterVisionForAll.",Ophthalmologist,Optometrist,https://twitter.com/FiAndOptician,https://encrypted-tbn0.gstatic.com/images?q=tbn:ANd9GcS9WimdItgH9QBZS0RVP9HTus1evhkdtccdVhXRG5NGL3lMDSVxgVJqoFAx&s
Dinesh Verma (@DV36) / X,https://twitter.com/dv36,X (formerly Twitter),› ...,"Consultant Eye Surgeon, Author ... #germanambessy #delhiuniversity #delhipolice #indiatvnews Very shame to share this news that today a lady from Germany ...",Eye Surgeon,Germany,https://twitter.com/dv36,https://encrypted-tbn0.gstatic.com/images?q=tbn:ANd9GcTAKuKVL5M3_KKtqBYzFVmtstlrQEcp6hFcnZo3FjZYJZQ7Byc84hjW1EmV&s
Corinne Doria (@CorinneDoria1) / X,https://twitter.com/corinnedoria1,X (formerly Twitter),› corinnedoria1,"Lecturer in History and General Education at CUHK-Shenzhen. Scholar of the History of medicine, ophthalmology, and visual impairment. ... Germany"""" with Dinah Pfau ...",ophthalmology,Germany,https://twitter.com/corinnedoria1,https://encrypted-tbn0.gstatic.com/images?q=tbn:ANd9GcSlzRYrT5FAIO3VudzSxueOFMWR5eWVwcr-4dyeKMmrGs6dJ4SpA8nb3BQc&s
ALI H (@aliseyecare) / X,https://twitter.com/aliseyecare,X (formerly Twitter),› aliseyecare,"Blue light Protection lenses from world best brand Carl Zeiss-Germany available at Alis Eye Care & Contact Lens Clinic, Clare Road, Byculla. Image. 1.",Germany,Eye Care,,
Haag-Streit Simulation (@HS_Simulation) / X,https://twitter.com/hs_simulation,X (formerly Twitter),› hs_simulation,"Mannheim, Germany haag-streit-simulation.com Joined April 2016 ... #HaagStreit #ESCRS #ESCRS2022 #vrmagic #ophthalmologist #ophthalmology #medicalsimulation # ...",Germany,ophthalmologist,https://twitter.com/hs_simulation,https://encrypted-tbn0.gstatic.com/images?q=tbn:ANd9GcQexhmMgMkVyWo-W2Z2sRXMmTZKiNIstaCEnlddmD6fooXwdGI5T1aovoDj&s
Posts with replies by Kiptoo Elias (@KiptooElias3) / X,https://twitter.com/KiptooElias3/with_replies,X (formerly Twitter),› KiptooElias3,"Ophthalmologist Jena, Germany Joined February 2019. 1,899 Following · 221 Followers · Posts · Replies · Media. @KiptooElias3 hasn't posted.",Ophthalmologist,Germany,,
Baridueh Badon (@BadonB) / X,https://twitter.com/badonb,X (formerly Twitter),› badonb,"I live and work in Germany and my German language skills is A1, very basic. ... Bashar Al Assad, Consultant ophthalmologist. Quote. World of Statistics.",Germany,German,https://twitter.com/badonb,https://encrypted-tbn0.gstatic.com/images?q=tbn:ANd9GcSfqmMtGvos-dz99cpi9X8iIBIXcrxjvbrKVpNUTs4zUnalhMlLlL0xE_Ig&s
"khalil M El Jawhari, MD (@khaliljawhari) / X",https://twitter.com/khaliljawhari,X (formerly Twitter),› khaliljawhari,"Saxony-Anhalt, Germany Joined December 2011. 2,785 Following · 755 Followers ... ophthalmologist back then Professor Mansour who said to a 10 year old kid ...",Germany,ophthalmologist,https://twitter.com/khaliljawhari,https://encrypted-tbn0.gstatic.com/images?q=tbn:ANd9GcT_aBgZDVWazb-WhqdadYedpwIhlDxwnqAZ-qd4--lwyCkXuaaCR8jH2RZv&s
Abraham Olvera (@abraham_olvera1) / X,https://twitter.com/abraham_olvera1,X (formerly Twitter),› abraham_olvera1,"Ophthalmology · @AAOjournal. ·. Dec 18, 2023. Multicenter study led by ... on Germany's national broadcatser. @ZDF. as the AI Safety Summit begins ...",Ophthalmology,Germany's,,
Drashti Netralaya (@omtrust) / X,https://twitter.com/omtrust,X (formerly Twitter),› omtrust,Tertiary eye care NGO in rural remote tribal area Dahod... free services to poor tribal with NABH quality and offers entire range of super specialty in eye ...,eye care,eye,https://twitter.com/omtrust,https://encrypted-tbn0.gstatic.com/images?q=tbn:ANd9GcQKteWtnp0gTQUGpO4YCdztnEKmlWxu0aSr1HWML4LuWuRBulZr2QnHN7cC&s
"Marty Chargin on X: """"$APLS Apellis Pharmaceuticals, Inc. (Nasdaq ...",https://twitter.com/MartyChargin/status/1837100651467133216,X (formerly Twitter),› MartyChargin,"20 Sept 2024 ... ... ophthalmology at the University of Bonn, Germany. """"As an ophthalmologist and retina specialist, I have seen how patients with GA lose their ...",...,ophthalmology,,
Juliano Leichenberg (@J_Leichenberg) / X,https://twitter.com/J_Leichenberg,X (formerly Twitter),› J_Leichenberg,"2x runner up for Saarland sport journalist of the year. Saarbrücken, Germany Born November 6 Joined March 2011 ... Bashar al-Assad, the London Ophthalmologist?",Germany,Ophthalmologist,https://twitter.com/J_Leichenberg,https://encrypted-tbn0.gstatic.com/images?q=tbn:ANd9GcSo3OpuvjLwjqGKii5tdQotasfjQW1-uW7zpwqSGgtYY57O2dp4IRRNX3Y&s
"SK Chakraborty on X: """"The genes of Aurangzeb A civil war is going ...",https://twitter.com/sanjoychakra/status/1722629735011008806,X (formerly Twitter),› sanjoychakra,"9 Nov 2023 ... ... ophthalmologist before he became President. More than 570000 people ... Most of the refugees have gone to Germany, Canada, Austria, Australia, ...",...,ophthalmologist,https://twitter.com/sanjoychakra/status/1722629735011008806,https://encrypted-tbn0.gstatic.com/images?q=tbn:ANd9GcTYhvBVCA_naBxBXTCL6mw-K_H0-VvwtBBcgkAcNesX8Bw5TtcKH5TDdrVb&s
Christoph Hammann (@1chammann) / X,https://twitter.com/1chammann,X (formerly Twitter),› ...,"Ophthalmologist, photographer, ancien de Paris-Brest-Paris, bloody guitar noob. Oh, and lately, manic motorcycle rider. Don't call me a biker! Germany ...",Ophthalmologist,Germany,https://twitter.com/1chammann,https://encrypted-tbn0.gstatic.com/images?q=tbn:ANd9GcSHNMbDA7odkKxJ3dyg7WyMeWtTPIxtIZLhFboyCkOqv80pHRcVIYA2G9Aq&s
Todd Hess (@gumaxto) / X,https://twitter.com/gumaxto?lang=fa,X (formerly Twitter),› gumaxto,"Ophthalmologist. Retired USAF Colonel. Ski Bum ⛷Manhattan lover   Hater ... Offenbach am Main, Germany تاریخ پیوستن مارس ۲۰۰۹. ۶۸۵ دنبال‌شده · ۱۶۷ ...",Ophthalmologist,Germany,https://twitter.com/gumaxto?lang=fa,https://encrypted-tbn0.gstatic.com/images?q=tbn:ANd9GcQYDNWJ_czRElyOz6f9D2o-Ku5uFesqohVW05T4QUpoLeLcQM6qRAUfWMXI&s
Sameer Kaushal (@drsameerkaushal) / X,https://twitter.com/drsameerkaushal,X (formerly Twitter),› drsameerkaushal,"Head ophthalmologist at Artemis Hospital and PL Memorial Eye Clinic, Gurgaon ... Making Gurgaon the Germany of India in all the wrong ways. Thanks Mr Khatter ...",ophthalmologist,Germany,https://twitter.com/drsameerkaushal,https://encrypted-tbn0.gstatic.com/images?q=tbn:ANd9GcQ_VIiQ28Fz7w7m_k3jVLX62pb0iWKblFPuQ6RN3aiyIu9Ny2w2U8cJDbI&s
Movu Inc. (@movu_inc) / X,https://mobile.twitter.com/movu_inc?lang=bn,mobile.twitter.com,› movu_inc,"... Ophthalmology #Cataractsurgery ... ophthalmology #ophthalmologist #cataractsurgery #cataract. চিত্র ... Kongress der DGII 2017 in Dortmund, Germany 2/16-18.",Ophthalmology,ophthalmology,,
IIHCR (@IITR_Healthcare) / X,https://twitter.com/iitr_healthcare,X (formerly Twitter),› iitr_healthcare,Open Positions: Interventional Cardiologist Ophthalmologist ... Excellent opportunity For Nurses to work in Germany Call/Whatsapp us on + ...,Ophthalmologist,Germany,https://twitter.com/iitr_healthcare,https://encrypted-tbn0.gstatic.com/images?q=tbn:ANd9GcTSyY096b6tcOI4B-NEXZpZizBH5P3_hU7QT6FKbJPUMM_ZQc479pbR-Kd6&s
Rohit Varma (@DrRohitVarma) / X,https://twitter.com/drrohitvarma,X (formerly Twitter),› drrohitvarma,"Ophthalmologist and researcher specializing in epidemiology, public health and glaucoma. ... Germany restricts foreign arrivals; UK cases up nearly 50% in ...",Ophthalmologist,Germany,https://twitter.com/drrohitvarma,https://encrypted-tbn0.gstatic.com/images?q=tbn:ANd9GcSIiS4a-BT3Pe4IYy29Up2XgJvcDldO2qAbJSwnuriJ1WGpKEKgX2mLJMkW&s
Hadas Kalish (@HKalish) / X,https://twitter.com/hkalish,X (formerly Twitter),› hkalish,"Neuro-Ophthalmologist ... Before she died she sent her mom in Germany a text message: “thank you for all you did for me, I love you”. Image.",Ophthalmologist,Germany,https://twitter.com/hkalish,https://encrypted-tbn0.gstatic.com/images?q=tbn:ANd9GcS7_wxXNgCgiyHLcUDhMfKTyCmMM_AyUd46645JbdAUhv-KkhmpMbo5pWg&s
Kevin (@kevinjohnsy) / X,https://twitter.com/kevinjohnsy,X (formerly Twitter),› kevinjohnsy,Ophthalmologist. History geek. Dog lover. DVO ✈️ MNL ... Germany (1/12). Image. 1.,Ophthalmologist,Germany,https://twitter.com/kevinjohnsy,https://encrypted-tbn0.gstatic.com/images?q=tbn:ANd9GcTaG74-Jx6C4t8g92fRgZz1OJwWsWxsu3sO_08ZkUp_JWYoRg5MVGOYrEU&s
"Samer Khosrof, MD (@sakhosrof) / X",https://twitter.com/sakhosrof,X (formerly Twitter),› sakhosrof,"Ophthalmologist, Vitreoretinal Surgeon, Lasik Surgeon. ... 1: Nazi Germany 2: Gaza Today. Image. 505.",Ophthalmologist,Germany,https://twitter.com/sakhosrof,https://encrypted-tbn0.gstatic.com/images?q=tbn:ANd9GcQDEtBfMw8NVL5Z2WIX897KwuSvd7-9nOeNEj2P23CK44AmCOeSJxJysCw&s
Genomescientifics (@Genomehealthug) / X,https://twitter.com/genomehealthug,X (formerly Twitter),› genomehealthug,"Lisbon A, an ophthalmologist @EyeMengo while presenting @ASOU_Official ... Germany Meet us at our booth 11A24 to find out about NOVAIR Medical Gas ...",ophthalmologist,Germany,https://twitter.com/genomehealthug,https://encrypted-tbn0.gstatic.com/images?q=tbn:ANd9GcT6YQ9rReh4qc87wRBgLbtR4kPI1Zir8PA9rxlslJWZVS6FQW_18D9YaFRB&s
Rui Chen (@CruiFay) / X,https://twitter.com/CruiFay,X (formerly Twitter),› CruiFay,"Fauci of Germany (the virologist Christian Drosten) has a podcast called ... The Ophthalmologist · @OphthoMag. ·. May 30, 2017. Hundreds of unexpected off ...",Germany,Ophthalmologist,,
Peter Phelan (@psphelan) / X,https://twitter.com/psphelan,X (formerly Twitter),› psphelan,From an ophthalmologist. Peter ... Dubliners cannot travel to Germany even if it's on a green list. The advice is don't leave county city unless essential ...,ophthalmologist,Germany,,
Mazhry-The Poet Ophthalmologist -ماہرِ چشم سخنور - X,https://twitter.com/mazhry,X (formerly Twitter),› mazhry,"31 May 2024 ... Poet #Ophthalmologist #Mazhry #EyeAcuity #vision # ... Germany ELON EDOF IOL at #LahoreOphthalmo2024 , sponsored by Optisurg Pakistan.",...,Ophthalmologist,https://twitter.com/mazhry,https://encrypted-tbn0.gstatic.com/images?q=tbn:ANd9GcQnxWJthRtNNKteBBhgqzMYHIHRiKvR5v7i3grsmci67w2N_cWJO8LxZP4&s
DR KANCHAN MALA (@DRKANCHANMALA1) / X,https://twitter.com/drkanchanmala1,X (formerly Twitter),› drkanchanmala1,Get your qualifications recognized and start a career in Germany. ... Find expert tips on how to deal with computer vision syndrome (CVS) from an ophthalmologist.,Germany,ophthalmologist,https://twitter.com/drkanchanmala1,https://encrypted-tbn0.gstatic.com/images?q=tbn:ANd9GcT0kX2FFezcJUN12po1Il8bN5RBzFtneU3uxI71wNDpqDnyZn7q-AVGyuqH&s
Dr. Sumit Choudhury (@sumit_doctor) / X,https://twitter.com/sumit_doctor,X (formerly Twitter),› sumit_doctor,"Ophthalmologist,doctor,parent. : ... #Germany !!! 1. 5.",Ophthalmologist,Germany,https://twitter.com/sumit_doctor,https://encrypted-tbn0.gstatic.com/images?q=tbn:ANd9GcS1-cP_bCuVqcWTvH3VMKAciuspOWnsUl4S9HwkFmsTF8-6nfYe6DWdlaQ&s
Hany (@hanyrizk_) / X,https://twitter.com/hanyrizk_,X (formerly Twitter),› hanyrizk_,"Berlin, Germany nobsstudio.com Joined November 2007. 888 Following · 2,695 Followers ... The ophthalmologist that didn't see it coming #Syrie. Image. 15.",Germany,ophthalmologist,https://twitter.com/hanyrizk_,https://encrypted-tbn0.gstatic.com/images?q=tbn:ANd9GcS_FEz9-oQ6gA_qbxKcj_Ap7wcqOKSDEE1GlEro5pLBPjKs7jjKWKAUOiAK&s
Mohamed Fargoun - X.com,https://twitter.com/fargounization,X (formerly Twitter),› fargounization,"Young Ophthalmologist ‍⚕️   Strong willed to leave this World one day ... Erlangen, Germany Joined June 2009. 326 Following · 259 Followers · Posts.",Ophthalmologist,Germany,https://twitter.com/fargounization,https://encrypted-tbn0.gstatic.com/images?q=tbn:ANd9GcSokHXqf6ynS3tVwlbnUjsFDMFOnyA9EmHfccb8XFwkh8quY-WtNHJ7-ko&s
Sheila Luk (@sheilaluk) / X,https://twitter.com/sheilaluk,X (formerly Twitter),› sheilaluk,London Ophthalmologist #moorfieldseyehospital #westerneye # ... Britain has now lost 89 hospital workers to Covid compared to 25 in Spain and 0 in Germany.,Ophthalmologist,Germany,https://twitter.com/sheilaluk,https://encrypted-tbn0.gstatic.com/images?q=tbn:ANd9GcSX1KCvOBn6sOaPT-pJ4gO9F10XAUPT4kh7wNh-U8Bq-ruHTTmhVsK9QsNN&s
Robert Pattrinson (@RPattrinson) / X,https://twitter.com/rpattrinson,X (formerly Twitter),› rpattrinson,"Ophthalmologist, Neurologist, Nephrologist, Gastroenterology specialist, Surgical Oncologist, Dentist ... Germany. Conference briefing on advanced techniques used ...",Ophthalmologist,Germany,https://twitter.com/rpattrinson,https://encrypted-tbn0.gstatic.com/images?q=tbn:ANd9GcQOCN9QWbOeccDEBcUIQlJFe8aOEPf8kWrsWxNpiSlrKGpRSqQvkvDQlbA&s
Alem Mekonnen (@AlemMekonnen) / X,https://twitter.com/alemmekonnen,X (formerly Twitter),› alemmekonnen,"On #InternationalWomensDay Stefanie Gedenk from Germany shares her hopes for a post-pandemic world. ... Yared Assefa, an ophthalmologist & corneal surgeon in ...",Germany,ophthalmologist,https://twitter.com/alemmekonnen,https://encrypted-tbn0.gstatic.com/images?q=tbn:ANd9GcTeljxfbs3JASpH9QGoYek9kkaSNYEdCLga1dTjdaghBfUu5lx0UOMWl3NA&s
Daniel Nachtrub (@DNachtrub) / X,https://twitter.com/dnachtrub,X (formerly Twitter),› dnachtrub,"It's called the Ames Room, and it was invented by American ophthalmologist ... Augsburg, Germany Joined September 2009. 81 Following · 17 Followers · Posts.",ophthalmologist,Germany,https://twitter.com/dnachtrub,https://encrypted-tbn0.gstatic.com/images?q=tbn:ANd9GcRH4FlqkEWfAnxlZjEK-0yYbd-vtuP7qlJVT-6qlo1OzKa_68WRUPQ0PBxS&s
Kfir Azoulay (@AzoulayKfir) / X,https://twitter.com/azoulaykfir,X (formerly Twitter),› azoulaykfir,"Ophthalmic industry executive. Head of Strategy at Heidelberg Engineering ... — All tweets are my own. Heidelberg, Germany linkedin.com/in/kfir-azoula…",Ophthalmic,Germany,https://twitter.com/azoulaykfir,https://encrypted-tbn0.gstatic.com/images?q=tbn:ANd9GcSqhWcPiv8pVk7KkYto-oWvlJhUCEcCnWdvYkGBz_wAxAXscga9PFBPZDhw&s
Srimeenakshi Sankaranarayanan (@Srimeenakshi_S) / X,https://twitter.com/srimeenakshi_s,X (formerly Twitter),› srimeenakshi_s,"Düsseldorf, Germany Joined April 2019. 467 Following · 113 Followers · Posts ... As a visionary ophthalmologist, compassionate leader, and empathetic mentor ...",Germany,ophthalmologist,https://twitter.com/srimeenakshi_s,https://encrypted-tbn0.gstatic.com/images?q=tbn:ANd9GcS4js663CZXCXEDsCq2G5mIy1t92ogZyfkleMY33DQZ5T0K9615h-LIXabn&s
satya (@veeru4545) / X,https://twitter.com/veeru4545,X (formerly Twitter),› veeru4545,"Ophthalmologist, sports lovers ,love for long drives and vacations, Indian. ... Germany – $183,000 United Kingdom – $138,000 Saudi Arabia ...",Ophthalmologist,Germany,,
SIVA (@bshivaca) / X,https://twitter.com/bshivaca,X (formerly Twitter),› bshivaca,"TDP Germany · @TDP_Germany. ·. May 2. అన్నగారి గొప్పతనం ... Suresh, an ophthalmologist in Doha sent this. Couldn't believe my ears. Amazing ...",Germany,ophthalmologist,https://twitter.com/bshivaca,https://encrypted-tbn0.gstatic.com/images?q=tbn:ANd9GcSxskns22Sq0d9ggtpRrtkcCcCqJJuHR5xpu6g34x-098-RHSDhmI3ZyF8&s
Luis Peña (@LuisPG2014) / X,https://twitter.com/luispg2014,X (formerly Twitter),› luispg2014,"Physician, Ophthalmologist, Professor. I love books, space exploration, science and LEGO ... Argentina, Paraguay, Uruguay, Germany, Austria, Portugal ...",Ophthalmologist,Germany,https://twitter.com/luispg2014,https://encrypted-tbn0.gstatic.com/images?q=tbn:ANd9GcTGVPHB5sIKpTSrTccZWyVyEuObXdv7Ieq9fpHBAZr7fYszw91T0nq8f6GX&s
Karkhur (@samendrakarkhur) / X,https://twitter.com/samendrakarkhur,X (formerly Twitter),› samendrakarkhur,"@IYC. ·. Dec 23, 2019. आप मुझसे नफरत करो लेकिन देश से नफरत मत करो - प्रधानमंत्री नरेंद्र मोदी Hate me, But don't hate Germany - Adolf Hitler जर्मनी हम शर्मिंदा है, हिटलर अभी जिंदा है.",Germany,,,
Tom Spurling (@TomSparlo1) / X,https://twitter.com/tomsparlo1,X (formerly Twitter),› tomsparlo1,... Germany for the 35th International Congress of German Ophthalmic Surgery. @DOC2021x · https://linkedin.com/posts/nova-eye-medical_u19-glaucoma-canaloplasty ...,Germany,German Ophthalmic,https://twitter.com/tomsparlo1,https://encrypted-tbn0.gstatic.com/images?q=tbn:ANd9GcSNT7aBpHcCo-2R1u3evBN3SvAjhB0hxmy01gglbbqM2tII6sOelMp12Yg&s
Jason Lowe (He/Him) (@DrJasonLowe1) / X,https://twitter.com/drjasonlowe1,X (formerly Twitter),› drjasonlowe1,Made respect to artist and #ophthalmologist #sketching. Image ... The Five-Year Engineering Feat Germany Pulled Off in Months - The Wall Street Journal.,ophthalmologist,Germany,https://twitter.com/drjasonlowe1,https://encrypted-tbn0.gstatic.com/images?q=tbn:ANd9GcRjcwMc9wh9O9xHljTxh7HIvBL4-PXtGnwXyYvizbzzhIIOkT_oWHKXl-I&s
Mehrdad-Sam Attaran (@docmsam) / X,https://twitter.com/docmsam,X (formerly Twitter),› docmsam,Augenarzt (ophthalmologist) ... Hannover/ Germany drattaran.net Joined June 2014. 97 Following · 12 Followers · Posts · Replies.,ophthalmologist,Germany,https://twitter.com/docmsam,https://encrypted-tbn0.gstatic.com/images?q=tbn:ANd9GcS6FSSy4X1fdxsseN1cj9h7L8luqM0s7VeQoohpcMiJcm_FMtUUuv3tAdE&s
priyank passey (@passey2411) / X,https://twitter.com/passey2411,X (formerly Twitter),› passey2411,"Aug 9, 2021. The WFH schedule calls for taking care for our eyes much more than ever before. This International Ophthalmologist Day let's pledge to protect our ...",Ophthalmologist,,https://twitter.com/passey2411,https://encrypted-tbn0.gstatic.com/images?q=tbn:ANd9GcTt9AXCb3K2mbEDm4-t_T0mygy1SKbMN8eTS2GmmD-5P7Ya_3XQV-jM_XU&s
"Carlos W. Arzabe, M.D. (@carloswarzabe) / X",https://twitter.com/carloswarzabe,X (formerly Twitter),› carloswarzabe,Most well-developed public health systems: 1. Sweden 2. Canada 3. Finland 4. Denmark 5. Norway 6.     Switzerland 7. Germany 8. Australia 9.,Germany,,https://twitter.com/carloswarzabe,https://encrypted-tbn0.gstatic.com/images?q=tbn:ANd9GcT7svW6E5kMJz7CYQYs3pobPZf2tdDyqeqGCeM2bwMM5y3AQ170S97Ze7kI&s
Ayomide (@ayomi_100) / X,https://twitter.com/ayomi_100,X (formerly Twitter),› ayomi_100,"... Germany as a Data Analyst from Nigeria. Register for FREE here: https ... An Ophthalmologist needs his sight and needs to be alive, to preserve the ...",Germany,Ophthalmologist,https://twitter.com/ayomi_100,https://encrypted-tbn0.gstatic.com/images?q=tbn:ANd9GcTghI0KM03-5X0gtTrEu999HO9wZxoovmunIbYra4GEtSc5MEoOVTHpDxo&s
AYOXXA Biosystems,https://twitter.com/ayoxxa,X (formerly Twitter),› ayoxxa,"... Germany! Check out the extensive 4-day programme of cutting-edge research ... With his scientific background in #Ophthalmology and #Immunology, Amir is ...",Germany,Ophthalmology,https://twitter.com/ayoxxa,https://encrypted-tbn0.gstatic.com/images?q=tbn:ANd9GcQz_Ejh0D5qpvIR0zqI16PvPhtO-GmLjfd0LciuCxtOAS2a-b1LLpMyG0w&s
"Mark Agas, MD, DPBO (@MarkAgasMD) / X",https://twitter.com/markagasmd,X (formerly Twitter),› markagasmd,"Kadena germany · @JUSTFUN40923842. ·. Nov 9, 2022. Replying to ... Were you looking for an Ophthalmologist (eye doctor) for you, your family and friends?",germany,Ophthalmologist,https://twitter.com/markagasmd,https://encrypted-tbn0.gstatic.com/images?q=tbn:ANd9GcRWxhM9V7l2Svkxhi8SEe5HQ0oagXW2YZMQe4IhxannZnJm2br-fPJ2hyY&s
Stephan Diederich (@PvF) / X,https://twitter.com/pvf,X (formerly Twitter),› pvf,"Mannheim, Germany Joined May 2008. 456 Following · 332 Followers · Posts · Replies ... Ophthalmology« zu #VirtualReality-Training in der #Augenchirurgie.",Germany,Ophthalmology,https://twitter.com/pvf,https://encrypted-tbn0.gstatic.com/images?q=tbn:ANd9GcQwTnB7STa-5Bdrx2IXYEBtzN2j9FQmZakZa4Doa9GhGfsuVzFsisGOHjU&s
Wellcome-Wolfson Institute Experimental Medicine,https://twitter.com/wwiem_qub,X (formerly Twitter),› wwiem_qub,", she is Honorary Consultant Ophthalmologist and Vitreoretinal ... on Polymyxin resistance in Enterobacter, with collaborators in Germany and Australia &.",Ophthalmologist,Germany,https://twitter.com/wwiem_qub,https://encrypted-tbn0.gstatic.com/images?q=tbn:ANd9GcSxdy8EphjqvawEyfFJf77cmf6Ya6PmV6iIOlSzVHgNVyShxo68SYw4xd9D&s
Sebastian Strangio (@sstrangio) / X - Twitter,https://twitter.com/sstrangio,X (formerly Twitter),› sstrangio,"Assad is a trained ophthalmologist, and yet did not see this coming. ... “The list of normally stable and healthy democracies now mired in serious political ...",ophthalmologist,,https://twitter.com/sstrangio,https://encrypted-tbn0.gstatic.com/images?q=tbn:ANd9GcSYM8EMwNZ7WefH74bMwDlaYRvRwpwoFcoRFAdBupOzNp423Jh2VV5NckJE&s
Texas Children's Global Health (@TCHGlobalHealth) / X,https://twitter.com/tchglobalhealth,X (formerly Twitter),› tchglobalhealth,"... ophthalmologist care to 936 patients, and delivered 123+ new glasses! ... The Baylor Foundation Uganda is presenting five abstracts at the #IAS2024 Conference in ...",ophthalmologist,,https://twitter.com/tchglobalhealth,https://encrypted-tbn0.gstatic.com/images?q=tbn:ANd9GcQkQmJ4VJ6O9OEyY-PhMVdMsj-7ozGmnPAiBN6IJFG4Ua3ZpCXqX251E1Q&s
Guillaume Mouron (@GMouron) / X,https://twitter.com/gmouron,X (formerly Twitter),› gmouron,"Frankfurt on the Main, Germany gmo-web.info Joined December 2009. 289 ... Assad is a trained ophthalmologist, and yet did not see this coming. 100. 1K. 9K.",Germany,ophthalmologist,https://twitter.com/gmouron,https://encrypted-tbn0.gstatic.com/images?q=tbn:ANd9GcRcCq4k6mtMKCleGL5JF3YNTZc_90gg-dglfiHei8Ge0LlpOaduYNTW_WCI&s
Samir Bassir / سامر بصيري (@dr_samirbassiry) / X,https://twitter.com/dr_samirbassiry,X (formerly Twitter),› dr_samirbassiry,"Ophthalmologist,، البوردالألماني والزمالة الأوروبية ( خريج المستشفى الجامعي في هامبورغ المانيا .مهتم بالتعليم الطبي .. Translate bio. Hamburg, Germany ...",Ophthalmologist,Germany,https://twitter.com/dr_samirbassiry,https://encrypted-tbn0.gstatic.com/images?q=tbn:ANd9GcTZMMibCoN8L6-W-_SCjAp6UC0ciyo3FjtU1T97NEwdeQsKzF-5MmGxXVkk&s
Dr.Haitham Alzahrani (@HaithamBinNaif) / X,https://twitter.com/haithambinnaif,X (formerly Twitter),› haithambinnaif,"طبيب عيون ، Ophthalmologist ، البورد الألماني في طب وجراحة العيون. Translate bio. Saudi Arabia, Germany Joined March 2012. 92 Following · 128 Followers.",Ophthalmologist,Germany,,
Hosuk Lee-Makiyama (@leemakiyama) / X,https://twitter.com/leemakiyama,X (formerly Twitter),› leemakiyama,... ophthalmologist at St Mary's Hospital with his JP Morgan banker wife. 1. 1 ... Why the European & German business model of suppressing salaries and R&D ...,ophthalmologist,German,https://twitter.com/leemakiyama,https://encrypted-tbn0.gstatic.com/images?q=tbn:ANd9GcRlMlMgL4eUg2GzxCwlFF340wSP4qkyGkK-4v6qQQmP0yDl0djYZwt6qayv&s
MUH'D JAMI' OLAMILEKAN (@OmoafiOrolagba) / X,https://twitter.com/omoafiorolagba,X (formerly Twitter),› omoafiorolagba,"He died last week Thursday in Munich, Germany and the German government can't find any relatives. ... An Ophthalmologist needs his sight and needs to ...",Germany,German,https://twitter.com/omoafiorolagba,https://encrypted-tbn0.gstatic.com/images?q=tbn:ANd9GcTZfTNW1SUiCnZpZRbUg8AkOq-EF63IL8_HhF4WLBusAolZqrYHGXNaCgQ&s
Taylor Smith (@TaylorASmith_) / X,https://twitter.com/taylorasmith_,X (formerly Twitter),› taylorasmith_,"Assad is a trained ophthalmologist, and yet did not see this coming. ... 12 hours and counting - notary reads every single word of Series A docs in Germany out ...",ophthalmologist,Germany,https://twitter.com/taylorasmith_,https://encrypted-tbn0.gstatic.com/images?q=tbn:ANd9GcSO3gPtZczMFXWJ8ShRPk428E57wkI1ZcJTDWO_IJdXVj3bvWb53VmY-NPh&s
Cormac O Rafferty (@CormacORafferty) / X,https://twitter.com/cormacorafferty,X (formerly Twitter),› cormacorafferty,"""""An good way to learn German is to try reading children's books to familiarise yourself with basic grammar and vocabulary"""" German children's book: ... Assad is a ...",German,German,https://twitter.com/cormacorafferty,https://encrypted-tbn0.gstatic.com/images?q=tbn:ANd9GcSF8Xm8z6JR24ceJcBPeaiMjAfg2WKM5m9rWTkd8f7un3ZuTKTwXLea_IcN&s
Shbn (@shbnGP) / X,https://twitter.com/shbngp,X (formerly Twitter),› shbngp,"Dhruv Rathee is from Germany, and he is pushing his ... Please see an Ophthalmologist for your eye-related disorders and not an Ayurveda practitioner.",Germany,Ophthalmologist,https://twitter.com/shbngp,https://encrypted-tbn0.gstatic.com/images?q=tbn:ANd9GcQPJP2liNE7T8KOyN7ZiPedlbdZP_Z21RptDf4BQhc2kP1kKBHrsvDxVmB_&s
Mahmud (@mahmudabumahmud) / X,https://twitter.com/mahmudabumahmud,X (formerly Twitter),› mahmudabumahmud,"Nov 28. My wife works in a pathology medical devices company in Germany as a key account manager. ... A Nigerian Doctor, Dr Idris Olajide, an Ophthalmologist, was ...",Germany,Ophthalmologist,https://twitter.com/mahmudabumahmud,https://encrypted-tbn0.gstatic.com/images?q=tbn:ANd9GcSEK3qyayun-ztjwJNfoVK0Yuij-hzktZEkucKStk7pc5f6QQ_oDWoGG-iL&s